1438775982208,55,Create pool,200,OK,Thread Group: Core: Create Bug / Note / Pool / Talk / Task 4-1,text,true,,292,4,4,http://172.31.8.205:27474/db/data/transaction/commit,,55,ISO-8859-1,1,0,12ae572e559d,0

1438775982213,66,Create pool,200,OK,Thread Group: Core: Create Bug / Note / Pool / Talk / Task 4-4,text,true,,292,4,4,http://172.31.8.205:27474/db/data/transaction/commit,,66,ISO-8859-1,1,0,12ae572e559d,0

1438775982243,77,Create pool,200,OK,Thread Group: Core: Create Bug / Note / Pool / Talk / Task 4-3,text,true,,292,4,4,http://172.31.8.205:27474/db/data/transaction/commit,,77,ISO-8859-1,1,0,12ae572e559d,0

1438775982249,48,Create pool,200,OK,Thread Group: Core: Create Bug / Note / Pool / Talk / Task 4-2,text,true,,292,4,4,http://172.31.8.205:27474/db/data/transaction/commit,,48,ISO-8859-1,1,0,12ae572e559d,0

1438775982262,36,Create pool,200,OK,Thread Group: Core: Create Bug / Note / Pool / Talk / Task 4-1,text,true,,292,4,4,http://172.31.8.205:27474/db/data/transaction/commit,,36,ISO-8859-1,1,0,99214e63c6ae,0

1438775982277,26,Create pool,200,OK,Thread Group: Core: Create Bug / Note / Pool / Talk / Task 4-4,text,true,,292,4,4,http://172.31.8.205:27474/db/data/transaction/commit,,26,ISO-8859-1,1,0,99214e63c6ae,0

1438775982284,32,Create pool,200,OK,Thread Group: Core: Create Bug / Note / Pool / Talk / Task 4-2,text,true,,292,4,4,http://172.31.8.205:27474/db/data/transaction/commit,,32,ISO-8859-1,1,0,99214e63c6ae,0

1438775982290,34,Create pool,200,OK,Thread Group: Core: Create Bug / Note / Pool / Talk / Task 4-3,text,true,,292,4,4,http://172.31.8.205:27474/db/data/transaction/commit,,34,ISO-8859-1,1,0,99214e63c6ae,0

1438775982427,36,Create pool,200,OK,Thread Group: Core: Create Bug / Note / Pool / Talk / Task 4-1,text,true,,292,4,4,http://172.31.8.205:27474/db/data/transaction/commit,,36,ISO-8859-1,1,0,985aa859d74d,0

1438775982436,41,Create pool,200,OK,Thread Group: Core: Create Bug / Note / Pool / Talk / Task 4-3,text,true,,292,4,4,http://172.31.8.205:27474/db/data/transaction/commit,,41,ISO-8859-1,1,0,985aa859d74d,0

1438775982456,52,Create pool,200,OK,Thread Group: Core: Create Bug / Note / Pool / Talk / Task 4-4,text,true,,292,4,4,http://172.31.8.205:27474/db/data/transaction/commit,,52,ISO-8859-1,1,0,985aa859d74d,0

1438775982482,43,Create pool,200,OK,Thread Group: Core: Create Bug / Note / Pool / Talk / Task 4-2,text,true,,292,4,4,http://172.31.8.205:27474/db/data/transaction/commit,,43,ISO-8859-1,1,0,985aa859d74d,0

1438775982549,25,Create pool,200,OK,Thread Group: Core: Create Bug / Note / Pool / Talk / Task 4-3,text,true,,292,4,4,http://172.31.8.205:27474/db/data/transaction/commit,,24,ISO-8859-1,1,0,12ae572e559d,0

1438775982562,20,Create pool,200,OK,Thread Group: Core: Create Bug / Note / Pool / Talk / Task 4-2,text,true,,292,4,4,http://172.31.8.205:27474/db/data/transaction/commit,,20,ISO-8859-1,1,0,99214e63c6ae,0

1438775982621,10,Create pool,200,OK,Thread Group: Core: Create Bug / Note / Pool / Talk / Task 4-2,text,true,,292,4,4,http://172.31.8.205:27474/db/data/transaction/commit,,10,ISO-8859-1,1,0,99214e63c6ae,0

1438775982678,76,Create pool,200,OK,Thread Group: Core: Create Bug / Note / Pool / Talk / Task 4-2,text,true,,292,4,4,http://172.31.8.205:27474/db/data/transaction/commit,,76,ISO-8859-1,1,0,12ae572e559d,0

1438775982702,18,Create pool,200,OK,Thread Group: Core: Create Bug / Note / Pool / Talk / Task 4-2,text,true,,292,4,4,http://172.31.8.205:27474/db/data/transaction/commit,,18,ISO-8859-1,1,0,99214e63c6ae,0

1438775982734,54,Create pool,200,OK,Thread Group: Core: Create Bug / Note / Pool / Talk / Task 4-1,text,true,,292,4,4,http://172.31.8.205:27474/db/data/transaction/commit,,54,ISO-8859-1,1,0,12ae572e559d,0

1438775982735,30,Create pool,200,OK,Thread Group: Core: Create Bug / Note / Pool / Talk / Task 4-3,text,true,,292,4,4,http://172.31.8.205:27474/db/data/transaction/commit,,30,ISO-8859-1,1,0,985aa859d74d,0

1438775982736,41,Create pool,200,OK,Thread Group: Core: Create Bug / Note / Pool / Talk / Task 4-3,text,true,,292,4,4,http://172.31.8.205:27474/db/data/transaction/commit,,41,ISO-8859-1,1,0,12ae572e559d,0

1438775982750,94,Create pool,200,OK,Thread Group: Core: Create Bug / Note / Pool / Talk / Task 4-1,text,true,,292,4,4,http://172.31.8.205:27474/db/data/transaction/commit,,94,ISO-8859-1,1,0,985aa859d74d,0

1438775982764,50,Create pool,200,OK,Thread Group: Core: Create Bug / Note / Pool / Talk / Task 4-3,text,true,,292,4,4,http://172.31.8.205:27474/db/data/transaction/commit,,50,ISO-8859-1,1,0,99214e63c6ae,0

1438775982774,25,Create pool,200,OK,Thread Group: Core: Create Bug / Note / Pool / Talk / Task 4-4,text,true,,292,4,4,http://172.31.8.205:27474/db/data/transaction/commit,,25,ISO-8859-1,1,0,12ae572e559d,0

1438775982783,60,Create pool,200,OK,Thread Group: Core: Create Bug / Note / Pool / Talk / Task 4-1,text,true,,292,4,4,http://172.31.8.205:27474/db/data/transaction/commit,,60,ISO-8859-1,1,0,99214e63c6ae,0

1438775982792,69,Create pool,200,OK,Thread Group: Core: Create Bug / Note / Pool / Talk / Task 4-4,text,true,,292,4,4,http://172.31.8.205:27474/db/data/transaction/commit,,69,ISO-8859-1,1,0,99214e63c6ae,0

1438775982836,51,Create pool,200,OK,Thread Group: Core: Create Bug / Note / Pool / Talk / Task 4-4,text,true,,292,4,4,http://172.31.8.205:27474/db/data/transaction/commit,,51,ISO-8859-1,1,0,985aa859d74d,0

1438775982866,45,Create pool,200,OK,Thread Group: Core: Create Bug / Note / Pool / Talk / Task 4-2,text,true,,292,4,4,http://172.31.8.205:27474/db/data/transaction/commit,,45,ISO-8859-1,1,0,985aa859d74d,0

1438775982886,32,Create pool,200,OK,Thread Group: Core: Create Bug / Note / Pool / Talk / Task 4-2,text,true,,292,4,4,http://172.31.8.205:27474/db/data/transaction/commit,,32,ISO-8859-1,1,0,99214e63c6ae,0

1438775982911,44,Create pool,200,OK,Thread Group: Core: Create Bug / Note / Pool / Talk / Task 4-1,text,true,,292,4,4,http://172.31.8.205:27474/db/data/transaction/commit,,44,ISO-8859-1,1,0,12ae572e559d,0

1438775982947,67,Create pool,200,OK,Thread Group: Core: Create Bug / Note / Pool / Talk / Task 4-2,text,true,,292,4,4,http://172.31.8.205:27474/db/data/transaction/commit,,67,ISO-8859-1,1,0,12ae572e559d,0

1438775982963,32,Create pool,200,OK,Thread Group: Core: Create Bug / Note / Pool / Talk / Task 4-3,text,true,,292,4,4,http://172.31.8.205:27474/db/data/transaction/commit,,32,ISO-8859-1,1,0,12ae572e559d,0

1438775982979,63,Create pool,200,OK,Thread Group: Core: Create Bug / Note / Pool / Talk / Task 4-4,text,true,,292,4,4,http://172.31.8.205:27474/db/data/transaction/commit,,63,ISO-8859-1,1,0,12ae572e559d,0

1438775982987,40,Create pool,200,OK,Thread Group: Core: Create Bug / Note / Pool / Talk / Task 4-1,text,true,,292,3,3,http://172.31.8.205:27474/db/data/transaction/commit,,40,ISO-8859-1,1,0,99214e63c6ae,0

1438775983007,57,Create pool,200,OK,Thread Group: Core: Create Bug / Note / Pool / Talk / Task 4-3,text,true,,292,4,4,http://172.31.8.205:27474/db/data/transaction/commit,,57,ISO-8859-1,1,0,985aa859d74d,0

1438775983022,56,Create pool,200,OK,Thread Group: Core: Create Bug / Note / Pool / Talk / Task 4-3,text,true,,292,3,3,http://172.31.8.205:27474/db/data/transaction/commit,,56,ISO-8859-1,1,0,99214e63c6ae,0

1438775983038,46,Create pool,200,OK,Thread Group: Core: Create Bug / Note / Pool / Talk / Task 4-1,text,true,,292,4,4,http://172.31.8.205:27474/db/data/transaction/commit,,46,ISO-8859-1,1,0,985aa859d74d,0

1438775983045,49,Create pool,200,OK,Thread Group: Core: Create Bug / Note / Pool / Talk / Task 4-4,text,true,,292,3,3,http://172.31.8.205:27474/db/data/transaction/commit,,49,ISO-8859-1,1,0,99214e63c6ae,0

1438775983116,39,Create pool,200,OK,Thread Group: Core: Create Bug / Note / Pool / Talk / Task 4-1,text,true,,292,4,4,http://172.31.8.205:27474/db/data/transaction/commit,,39,ISO-8859-1,1,0,12ae572e559d,0

1438775983133,44,Create pool,200,OK,Thread Group: Core: Create Bug / Note / Pool / Talk / Task 4-4,text,true,,292,4,4,http://172.31.8.205:27474/db/data/transaction/commit,,44,ISO-8859-1,1,0,985aa859d74d,0

1438775983158,51,Create pool,200,OK,Thread Group: Core: Create Bug / Note / Pool / Talk / Task 4-2,text,true,,292,4,4,http://172.31.8.205:27474/db/data/transaction/commit,,51,ISO-8859-1,1,0,985aa859d74d,0

1438775983162,38,Create pool,200,OK,Thread Group: Core: Create Bug / Note / Pool / Talk / Task 4-3,text,true,,292,4,4,http://172.31.8.205:27474/db/data/transaction/commit,,38,ISO-8859-1,1,0,12ae572e559d,0

1438775983179,43,Create pool,200,OK,Thread Group: Core: Create Bug / Note / Pool / Talk / Task 4-1,text,true,,292,3,3,http://172.31.8.205:27474/db/data/transaction/commit,,43,ISO-8859-1,1,0,99214e63c6ae,0

1438775983244,49,Create pool,200,OK,Thread Group: Core: Create Bug / Note / Pool / Talk / Task 4-2,text,true,,292,4,4,http://172.31.8.205:27474/db/data/transaction/commit,,49,ISO-8859-1,1,0,12ae572e559d,0

1438775983254,41,Create pool,200,OK,Thread Group: Core: Create Bug / Note / Pool / Talk / Task 4-3,text,true,,292,3,3,http://172.31.8.205:27474/db/data/transaction/commit,,41,ISO-8859-1,1,0,99214e63c6ae,0

1438775983262,50,Create pool,200,OK,Thread Group: Core: Create Bug / Note / Pool / Talk / Task 4-3,text,true,,292,4,4,http://172.31.8.205:27474/db/data/transaction/commit,,50,ISO-8859-1,1,0,985aa859d74d,0

1438775983270,37,Create pool,200,OK,Thread Group: Core: Create Bug / Note / Pool / Talk / Task 4-4,text,true,,292,3,3,http://172.31.8.205:27474/db/data/transaction/commit,,37,ISO-8859-1,1,0,99214e63c6ae,0

1438775983270,27,Create pool,200,OK,Thread Group: Core: Create Bug / Note / Pool / Talk / Task 4-4,text,true,,292,4,4,http://172.31.8.205:27474/db/data/transaction/commit,,27,ISO-8859-1,1,0,12ae572e559d,0

1438775983284,53,Create pool,200,OK,Thread Group: Core: Create Bug / Note / Pool / Talk / Task 4-1,text,true,,292,4,4,http://172.31.8.205:27474/db/data/transaction/commit,,53,ISO-8859-1,1,0,985aa859d74d,0

1438775983333,30,Create pool,200,OK,Thread Group: Core: Create Bug / Note / Pool / Talk / Task 4-1,text,true,,292,3,3,http://172.31.8.205:27474/db/data/transaction/commit,,30,ISO-8859-1,1,0,12ae572e559d,0

1438775983342,42,Create pool,200,OK,Thread Group: Core: Create Bug / Note / Pool / Talk / Task 4-4,text,true,,292,4,4,http://172.31.8.205:27474/db/data/transaction/commit,,42,ISO-8859-1,1,0,985aa859d74d,0

1438775983360,43,Create pool,200,OK,Thread Group: Core: Create Bug / Note / Pool / Talk / Task 4-2,text,true,,292,4,4,http://172.31.8.205:27474/db/data/transaction/commit,,43,ISO-8859-1,1,0,985aa859d74d,0

1438775983410,37,Create pool,200,OK,Thread Group: Core: Create Bug / Note / Pool / Talk / Task 4-1,text,true,,292,3,3,http://172.31.8.205:27474/db/data/transaction/commit,,37,ISO-8859-1,1,0,99214e63c6ae,0

1438775983429,42,Create pool,200,OK,Thread Group: Core: Create Bug / Note / Pool / Talk / Task 4-2,text,true,,292,2,2,http://172.31.8.205:27474/db/data/transaction/commit,,42,ISO-8859-1,1,0,12ae572e559d,0

1438775983433,14,Create pool,200,OK,Thread Group: Core: Create Bug / Note / Pool / Talk / Task 4-3,text,true,,292,4,4,http://172.31.8.205:27474/db/data/transaction/commit,,14,ISO-8859-1,1,0,985aa859d74d,0

1438775983451,33,Create pool,200,OK,Thread Group: Core: Create Bug / Note / Pool / Talk / Task 4-4,text,true,,292,3,3,http://172.31.8.205:27474/db/data/transaction/commit,,33,ISO-8859-1,1,0,99214e63c6ae,0

1438775983457,34,Create pool,200,OK,Thread Group: Core: Create Bug / Note / Pool / Talk / Task 4-4,text,true,,292,2,2,http://172.31.8.205:27474/db/data/transaction/commit,,34,ISO-8859-1,1,0,12ae572e559d,0

1438775983458,26,Create pool,200,OK,Thread Group: Core: Create Bug / Note / Pool / Talk / Task 4-1,text,true,,292,4,4,http://172.31.8.205:27474/db/data/transaction/commit,,26,ISO-8859-1,1,0,985aa859d74d,0

1438775983470,53,Create pool,200,OK,Thread Group: Core: Create Bug / Note / Pool / Talk / Task 4-3,text,true,,292,2,2,http://172.31.8.205:27474/db/data/transaction/commit,,53,ISO-8859-1,1,0,99214e63c6ae,0

1438775983489,21,Create pool,200,OK,Thread Group: Core: Create Bug / Note / Pool / Talk / Task 4-4,text,true,,292,3,3,http://172.31.8.205:27474/db/data/transaction/commit,,21,ISO-8859-1,1,0,985aa859d74d,0

1438775983497,26,Create pool,200,OK,Thread Group: Core: Create Bug / Note / Pool / Talk / Task 4-2,text,true,,292,3,3,http://172.31.8.205:27474/db/data/transaction/commit,,26,ISO-8859-1,1,0,985aa859d74d,0

