1438775981900,29,Create Users,200,OK,Thread Group: set up 3-1,text,true,,222,4,4,http://172.31.8.205:27474/db/data/transaction/commit,,29,ISO-8859-1,1,0,12ae572e559d,0

1438775981911,36,Create Users,200,OK,Thread Group: set up 3-2,text,true,,222,4,4,http://172.31.8.205:27474/db/data/transaction/commit,,36,ISO-8859-1,1,0,12ae572e559d,0

1438775981912,63,Create Users,200,OK,Thread Group: set up 3-3,text,true,,222,4,4,http://172.31.8.205:27474/db/data/transaction/commit,,63,ISO-8859-1,1,0,12ae572e559d,0

1438775981913,48,Create Users,200,OK,Thread Group: set up 3-4,text,true,,222,4,4,http://172.31.8.205:27474/db/data/transaction/commit,,48,ISO-8859-1,1,0,12ae572e559d,0

1438775981930,52,Create Users,200,OK,Thread Group: set up 3-1,text,true,,222,4,4,http://172.31.8.205:27474/db/data/transaction/commit,,52,ISO-8859-1,1,0,12ae572e559d,0

1438775981948,37,Create Users,200,OK,Thread Group: set up 3-2,text,true,,222,4,4,http://172.31.8.205:27474/db/data/transaction/commit,,37,ISO-8859-1,1,0,12ae572e559d,0

1438775981961,41,Create Users,200,OK,Thread Group: set up 3-4,text,true,,222,4,4,http://172.31.8.205:27474/db/data/transaction/commit,,41,ISO-8859-1,1,0,12ae572e559d,0

1438775981976,41,Create Users,200,OK,Thread Group: set up 3-3,text,true,,222,4,4,http://172.31.8.205:27474/db/data/transaction/commit,,41,ISO-8859-1,1,0,12ae572e559d,0

1438775981982,50,Create Users,200,OK,Thread Group: set up 3-1,text,true,,222,4,4,http://172.31.8.205:27474/db/data/transaction/commit,,50,ISO-8859-1,1,0,12ae572e559d,0

1438775981984,20,Create Users,200,OK,Thread Group: set up 3-1,text,true,,222,4,4,http://172.31.8.205:27474/db/data/transaction/commit,,20,ISO-8859-1,1,0,99214e63c6ae,0

1438775981985,38,Create Users,200,OK,Thread Group: set up 3-2,text,true,,222,4,4,http://172.31.8.205:27474/db/data/transaction/commit,,38,ISO-8859-1,1,0,12ae572e559d,0

1438775981996,18,Create Users,200,OK,Thread Group: set up 3-2,text,true,,222,4,4,http://172.31.8.205:27474/db/data/transaction/commit,,18,ISO-8859-1,1,0,99214e63c6ae,0

1438775981997,36,Create Users,200,OK,Thread Group: set up 3-3,text,true,,222,4,4,http://172.31.8.205:27474/db/data/transaction/commit,,36,ISO-8859-1,1,0,99214e63c6ae,0

1438775982002,47,Create Users,200,OK,Thread Group: set up 3-4,text,true,,222,4,4,http://172.31.8.205:27474/db/data/transaction/commit,,47,ISO-8859-1,1,0,12ae572e559d,0

1438775982005,15,Create Users,200,OK,Thread Group: set up 3-1,text,true,,222,4,4,http://172.31.8.205:27474/db/data/transaction/commit,,15,ISO-8859-1,1,0,99214e63c6ae,0

1438775982014,25,Create Users,200,OK,Thread Group: set up 3-2,text,true,,222,4,4,http://172.31.8.205:27474/db/data/transaction/commit,,25,ISO-8859-1,1,0,99214e63c6ae,0

1438775982015,27,Create Users,200,OK,Thread Group: set up 3-4,text,true,,222,4,4,http://172.31.8.205:27474/db/data/transaction/commit,,27,ISO-8859-1,1,0,99214e63c6ae,0

1438775982017,35,Create Users,200,OK,Thread Group: set up 3-3,text,true,,222,4,4,http://172.31.8.205:27474/db/data/transaction/commit,,35,ISO-8859-1,1,0,12ae572e559d,0

1438775982021,29,Create Users,200,OK,Thread Group: set up 3-1,text,true,,222,4,4,http://172.31.8.205:27474/db/data/transaction/commit,,29,ISO-8859-1,1,0,99214e63c6ae,0

1438775982023,43,Create Users,200,OK,Thread Group: set up 3-2,text,true,,222,4,4,http://172.31.8.205:27474/db/data/transaction/commit,,43,ISO-8859-1,1,0,12ae572e559d,0

1438775982032,38,Create Users,200,OK,Thread Group: set up 3-1,text,true,,222,4,4,http://172.31.8.205:27474/db/data/transaction/commit,,38,ISO-8859-1,1,0,12ae572e559d,0

1438775982033,36,Create Users,200,OK,Thread Group: set up 3-3,text,true,,222,4,4,http://172.31.8.205:27474/db/data/transaction/commit,,36,ISO-8859-1,1,0,99214e63c6ae,0

1438775982040,37,Create Users,200,OK,Thread Group: set up 3-2,text,true,,222,4,4,http://172.31.8.205:27474/db/data/transaction/commit,,37,ISO-8859-1,1,0,99214e63c6ae,0

1438775982042,42,Create Users,200,OK,Thread Group: set up 3-4,text,true,,222,4,4,http://172.31.8.205:27474/db/data/transaction/commit,,42,ISO-8859-1,1,0,99214e63c6ae,0

1438775982049,33,Create Users,200,OK,Thread Group: set up 3-4,text,true,,222,4,4,http://172.31.8.205:27474/db/data/transaction/commit,,33,ISO-8859-1,1,0,12ae572e559d,0

1438775982050,55,Create Users,200,OK,Thread Group: set up 3-1,text,true,,222,4,4,http://172.31.8.205:27474/db/data/transaction/commit,,55,ISO-8859-1,1,0,99214e63c6ae,0

1438775982052,40,Create Users,200,OK,Thread Group: set up 3-3,text,true,,222,4,4,http://172.31.8.205:27474/db/data/transaction/commit,,40,ISO-8859-1,1,0,12ae572e559d,0

1438775982067,29,Create Users,200,OK,Thread Group: set up 3-2,text,true,,222,4,4,http://172.31.8.205:27474/db/data/transaction/commit,,29,ISO-8859-1,1,0,12ae572e559d,0

1438775982069,41,Create Users,200,OK,Thread Group: set up 3-3,text,true,,222,4,4,http://172.31.8.205:27474/db/data/transaction/commit,,41,ISO-8859-1,1,0,99214e63c6ae,0

1438775982070,29,Create Users,200,OK,Thread Group: set up 3-1,text,true,,222,3,3,http://172.31.8.205:27474/db/data/transaction/commit,,29,ISO-8859-1,1,0,12ae572e559d,0

1438775982074,54,Create Users,200,OK,Thread Group: set up 3-2,text,true,,222,4,4,http://172.31.8.205:27474/db/data/transaction/commit,,54,ISO-8859-1,1,0,985aa859d74d,0

1438775982077,44,Create Users,200,OK,Thread Group: set up 3-2,text,true,,222,4,4,http://172.31.8.205:27474/db/data/transaction/commit,,44,ISO-8859-1,1,0,99214e63c6ae,0

1438775982078,40,Create Users,200,OK,Thread Group: set up 3-3,text,true,,222,4,4,http://172.31.8.205:27474/db/data/transaction/commit,,40,ISO-8859-1,1,0,985aa859d74d,0

1438775982080,60,Create Users,200,OK,Thread Group: set up 3-1,text,true,,222,4,4,http://172.31.8.205:27474/db/data/transaction/commit,,60,ISO-8859-1,1,0,985aa859d74d,0

1438775982080,64,Create Users,200,OK,Thread Group: set up 3-4,text,true,,222,4,4,http://172.31.8.205:27474/db/data/transaction/commit,,64,ISO-8859-1,1,0,985aa859d74d,0

1438775982082,25,Create Users,200,OK,Thread Group: set up 3-4,text,true,,222,2,2,http://172.31.8.205:27474/db/data/transaction/commit,,25,ISO-8859-1,1,0,12ae572e559d,0

1438775982084,43,Create Users,200,OK,Thread Group: set up 3-4,text,true,,222,4,4,http://172.31.8.205:27474/db/data/transaction/commit,,43,ISO-8859-1,1,0,99214e63c6ae,0

1438775982092,22,Create Users,200,OK,Thread Group: set up 3-3,text,true,,222,1,1,http://172.31.8.205:27474/db/data/transaction/commit,,22,ISO-8859-1,1,0,12ae572e559d,0

1438775982105,40,Create Users,200,OK,Thread Group: set up 3-1,text,true,,222,4,4,http://172.31.8.205:27474/db/data/transaction/commit,,40,ISO-8859-1,1,0,99214e63c6ae,0

1438775982111,42,Create Users,200,OK,Thread Group: set up 3-3,text,true,,222,3,3,http://172.31.8.205:27474/db/data/transaction/commit,,42,ISO-8859-1,1,0,99214e63c6ae,0

1438775982119,55,Create Users,200,OK,Thread Group: set up 3-3,text,true,,222,4,4,http://172.31.8.205:27474/db/data/transaction/commit,,55,ISO-8859-1,1,0,985aa859d74d,0

1438775982121,49,Create Users,200,OK,Thread Group: set up 3-2,text,true,,222,3,3,http://172.31.8.205:27474/db/data/transaction/commit,,49,ISO-8859-1,1,0,99214e63c6ae,0

1438775982128,33,Create Users,200,OK,Thread Group: set up 3-4,text,true,,222,3,3,http://172.31.8.205:27474/db/data/transaction/commit,,33,ISO-8859-1,1,0,99214e63c6ae,0

1438775982128,54,Create Users,200,OK,Thread Group: set up 3-2,text,true,,222,4,4,http://172.31.8.205:27474/db/data/transaction/commit,,54,ISO-8859-1,1,0,985aa859d74d,0

1438775982141,54,Create Users,200,OK,Thread Group: set up 3-1,text,true,,222,4,4,http://172.31.8.205:27474/db/data/transaction/commit,,54,ISO-8859-1,1,0,985aa859d74d,0

1438775982144,75,Create Users,200,OK,Thread Group: set up 3-4,text,true,,222,4,4,http://172.31.8.205:27474/db/data/transaction/commit,,75,ISO-8859-1,1,0,985aa859d74d,0

1438775982153,46,Create Users,200,OK,Thread Group: set up 3-3,text,true,,222,2,2,http://172.31.8.205:27474/db/data/transaction/commit,,46,ISO-8859-1,1,0,99214e63c6ae,0

1438775982161,39,Create Users,200,OK,Thread Group: set up 3-4,text,true,,222,2,2,http://172.31.8.205:27474/db/data/transaction/commit,,39,ISO-8859-1,1,0,99214e63c6ae,0

1438775982175,66,Create Users,200,OK,Thread Group: set up 3-3,text,true,,222,4,4,http://172.31.8.205:27474/db/data/transaction/commit,,66,ISO-8859-1,1,0,985aa859d74d,0

1438775982182,63,Create Users,200,OK,Thread Group: set up 3-2,text,true,,222,4,4,http://172.31.8.205:27474/db/data/transaction/commit,,62,ISO-8859-1,1,0,985aa859d74d,0

1438775982196,50,Create Users,200,OK,Thread Group: set up 3-1,text,true,,222,4,4,http://172.31.8.205:27474/db/data/transaction/commit,,50,ISO-8859-1,1,0,985aa859d74d,0

1438775982220,44,Create Users,200,OK,Thread Group: set up 3-4,text,true,,222,4,4,http://172.31.8.205:27474/db/data/transaction/commit,,44,ISO-8859-1,1,0,985aa859d74d,0

1438775982242,50,Create Users,200,OK,Thread Group: set up 3-3,text,true,,222,4,4,http://172.31.8.205:27474/db/data/transaction/commit,,50,ISO-8859-1,1,0,985aa859d74d,0

1438775982245,31,Create Users,200,OK,Thread Group: set up 3-2,text,true,,222,4,4,http://172.31.8.205:27474/db/data/transaction/commit,,31,ISO-8859-1,1,0,985aa859d74d,0

1438775982246,48,Create Users,200,OK,Thread Group: set up 3-1,text,true,,222,4,4,http://172.31.8.205:27474/db/data/transaction/commit,,48,ISO-8859-1,1,0,985aa859d74d,0

1438775982265,37,Create Users,200,OK,Thread Group: set up 3-4,text,true,,222,4,4,http://172.31.8.205:27474/db/data/transaction/commit,,37,ISO-8859-1,1,0,985aa859d74d,0

1438775982276,42,Create Users,200,OK,Thread Group: set up 3-2,text,true,,222,4,4,http://172.31.8.205:27474/db/data/transaction/commit,,42,ISO-8859-1,1,0,985aa859d74d,0

1438775982292,43,Create Users,200,OK,Thread Group: set up 3-3,text,true,,222,3,3,http://172.31.8.205:27474/db/data/transaction/commit,,43,ISO-8859-1,1,0,985aa859d74d,0

1438775982295,40,Create Users,200,OK,Thread Group: set up 3-1,text,true,,222,3,3,http://172.31.8.205:27474/db/data/transaction/commit,,40,ISO-8859-1,1,0,985aa859d74d,0

1438775982302,31,Create Users,200,OK,Thread Group: set up 3-4,text,true,,222,3,3,http://172.31.8.205:27474/db/data/transaction/commit,,31,ISO-8859-1,1,0,985aa859d74d,0

