1438775979476,32,Create stuff,200,OK,Thread Group: Generate Stuff 1-7,text,true,,222,10,10,http://172.31.8.205:27474/db/data/transaction/commit,,32,ISO-8859-1,1,0,99214e63c6ae,0

1438775979476,48,Create stuff,200,OK,Thread Group: Generate Stuff 1-2,text,true,,222,13,13,http://172.31.8.205:27474/db/data/transaction/commit,,48,ISO-8859-1,1,0,99214e63c6ae,0

1438775979482,50,Create stuff,200,OK,Thread Group: Generate Stuff 1-4,text,true,,222,15,15,http://172.31.8.205:27474/db/data/transaction/commit,,50,ISO-8859-1,1,0,99214e63c6ae,0

1438775979483,35,Create stuff,200,OK,Thread Group: Generate Stuff 1-6,text,true,,222,12,12,http://172.31.8.205:27474/db/data/transaction/commit,,35,ISO-8859-1,1,0,99214e63c6ae,0

1438775979483,37,Create stuff,200,OK,Thread Group: Generate Stuff 1-5,text,true,,222,13,13,http://172.31.8.205:27474/db/data/transaction/commit,,37,ISO-8859-1,1,0,99214e63c6ae,0

1438775979484,43,Create stuff,200,OK,Thread Group: Generate Stuff 1-3,text,true,,222,13,13,http://172.31.8.205:27474/db/data/transaction/commit,,43,ISO-8859-1,1,0,99214e63c6ae,0

1438775979489,46,Create stuff,200,OK,Thread Group: Generate Stuff 1-9,text,true,,222,15,15,http://172.31.8.205:27474/db/data/transaction/commit,,45,ISO-8859-1,1,0,99214e63c6ae,0

1438775979493,45,Create stuff,200,OK,Thread Group: Generate Stuff 1-10,text,true,,222,15,15,http://172.31.8.205:27474/db/data/transaction/commit,,45,ISO-8859-1,1,0,99214e63c6ae,0

1438775979502,49,Create stuff,200,OK,Thread Group: Generate Stuff 1-8,text,true,,222,15,15,http://172.31.8.205:27474/db/data/transaction/commit,,49,ISO-8859-1,1,0,99214e63c6ae,0

1438775979509,78,Create stuff,200,OK,Thread Group: Generate Stuff 1-7,text,true,,222,19,19,http://172.31.8.205:27474/db/data/transaction/commit,,78,ISO-8859-1,1,0,99214e63c6ae,0

1438775979511,79,Create stuff,200,OK,Thread Group: Generate Stuff 1-1,text,true,,222,20,20,http://172.31.8.205:27474/db/data/transaction/commit,,79,ISO-8859-1,1,0,99214e63c6ae,0

1438775979519,76,Create stuff,200,OK,Thread Group: Generate Stuff 1-6,text,true,,222,20,20,http://172.31.8.205:27474/db/data/transaction/commit,,76,ISO-8859-1,1,0,99214e63c6ae,0

1438775979521,75,Create stuff,200,OK,Thread Group: Generate Stuff 1-5,text,true,,222,20,20,http://172.31.8.205:27474/db/data/transaction/commit,,75,ISO-8859-1,1,0,99214e63c6ae,0

1438775979525,78,Create stuff,200,OK,Thread Group: Generate Stuff 1-2,text,true,,222,20,20,http://172.31.8.205:27474/db/data/transaction/commit,,78,ISO-8859-1,1,0,99214e63c6ae,0

1438775979533,86,Create stuff,200,OK,Thread Group: Generate Stuff 1-4,text,true,,222,20,20,http://172.31.8.205:27474/db/data/transaction/commit,,86,ISO-8859-1,1,0,99214e63c6ae,0

1438775979535,83,Create stuff,200,OK,Thread Group: Generate Stuff 1-9,text,true,,222,20,20,http://172.31.8.205:27474/db/data/transaction/commit,,82,ISO-8859-1,1,0,99214e63c6ae,0

1438775979536,28,Create stuff,200,OK,Thread Group: Generate Stuff 1-3,text,true,,222,17,17,http://172.31.8.205:27474/db/data/transaction/commit,,27,ISO-8859-1,1,0,99214e63c6ae,0

1438775979538,75,Create stuff,200,OK,Thread Group: Generate Stuff 1-10,text,true,,222,20,20,http://172.31.8.205:27474/db/data/transaction/commit,,75,ISO-8859-1,1,0,99214e63c6ae,0

1438775979560,48,Create stuff,200,OK,Thread Group: Generate Stuff 1-8,text,true,,222,20,20,http://172.31.8.205:27474/db/data/transaction/commit,,48,ISO-8859-1,1,0,99214e63c6ae,0

1438775979564,76,Create stuff,200,OK,Thread Group: Generate Stuff 1-3,text,true,,222,15,15,http://172.31.8.205:27474/db/data/transaction/commit,,76,ISO-8859-1,1,0,99214e63c6ae,0

1438775979565,81,Create stuff,200,OK,Thread Group: Generate Stuff 1-13,text,true,,222,13,13,http://172.31.8.205:27474/db/data/transaction/commit,,81,ISO-8859-1,1,0,99214e63c6ae,0

1438775979566,78,Create stuff,200,OK,Thread Group: Generate Stuff 1-11,text,true,,222,15,15,http://172.31.8.205:27474/db/data/transaction/commit,,78,ISO-8859-1,1,0,99214e63c6ae,0

1438775979567,65,Create stuff,200,OK,Thread Group: Generate Stuff 1-12,text,true,,222,15,15,http://172.31.8.205:27474/db/data/transaction/commit,,65,ISO-8859-1,1,0,99214e63c6ae,0

1438775979578,56,Create stuff,200,OK,Thread Group: Generate Stuff 1-15,text,true,,222,16,16,http://172.31.8.205:27474/db/data/transaction/commit,,56,ISO-8859-1,1,0,99214e63c6ae,0

1438775979581,54,Create stuff,200,OK,Thread Group: Generate Stuff 1-14,text,true,,222,15,15,http://172.31.8.205:27474/db/data/transaction/commit,,54,ISO-8859-1,1,0,99214e63c6ae,0

1438775979582,60,Create stuff,200,OK,Thread Group: Generate Stuff 1-16,text,true,,222,16,16,http://172.31.8.205:27474/db/data/transaction/commit,,60,ISO-8859-1,1,0,99214e63c6ae,0

1438775979586,43,Create stuff,200,OK,Thread Group: Generate Stuff 1-19,text,true,,222,17,17,http://172.31.8.205:27474/db/data/transaction/commit,,43,ISO-8859-1,1,0,99214e63c6ae,0

1438775979597,51,Create stuff,200,OK,Thread Group: Generate Stuff 1-5,text,true,,222,13,13,http://172.31.8.205:27474/db/data/transaction/commit,,51,ISO-8859-1,1,0,99214e63c6ae,0

1438775979598,41,Create stuff,200,OK,Thread Group: Generate Stuff 1-17,text,true,,222,15,15,http://172.31.8.205:27474/db/data/transaction/commit,,41,ISO-8859-1,1,0,99214e63c6ae,0

1438775979602,28,Create stuff,200,OK,Thread Group: Generate Stuff 1-20,text,true,,222,15,15,http://172.31.8.205:27474/db/data/transaction/commit,,28,ISO-8859-1,1,0,99214e63c6ae,0

1438775979625,25,Create stuff,200,OK,Thread Group: Generate Stuff 1-18,text,true,,222,8,8,http://172.31.8.205:27474/db/data/transaction/commit,,25,ISO-8859-1,1,0,99214e63c6ae,0

1438775979770,34,Create stuff,200,OK,Thread Group: Generate Stuff 1-7,text,true,,222,23,23,http://172.31.8.205:27474/db/data/transaction/commit,,34,ISO-8859-1,1,0,12ae572e559d,0

1438775979776,68,Create stuff,200,OK,Thread Group: Generate Stuff 1-8,text,true,,222,24,24,http://172.31.8.205:27474/db/data/transaction/commit,,67,ISO-8859-1,1,0,12ae572e559d,0

1438775979782,19,Create stuff,200,OK,Thread Group: Generate Stuff 1-2,text,true,,222,23,23,http://172.31.8.205:27474/db/data/transaction/commit,,19,ISO-8859-1,1,0,12ae572e559d,0

1438775979786,99,Create stuff,200,OK,Thread Group: Generate Stuff 1-1,text,true,,222,24,24,http://172.31.8.205:27474/db/data/transaction/commit,,99,ISO-8859-1,1,0,12ae572e559d,0

1438775979789,136,Create stuff,200,OK,Thread Group: Generate Stuff 1-20,text,true,,222,18,18,http://172.31.8.205:27474/db/data/transaction/commit,,136,ISO-8859-1,1,0,12ae572e559d,0

1438775979794,23,Create stuff,200,OK,Thread Group: Generate Stuff 1-5,text,true,,222,24,24,http://172.31.8.205:27474/db/data/transaction/commit,,23,ISO-8859-1,1,0,12ae572e559d,0

1438775979794,80,Create stuff,200,OK,Thread Group: Generate Stuff 1-10,text,true,,222,25,25,http://172.31.8.205:27474/db/data/transaction/commit,,80,ISO-8859-1,1,0,12ae572e559d,0

1438775979795,12,Create stuff,200,OK,Thread Group: Generate Stuff 1-4,text,true,,222,23,23,http://172.31.8.205:27474/db/data/transaction/commit,,12,ISO-8859-1,1,0,12ae572e559d,0

1438775979795,21,Create stuff,200,OK,Thread Group: Generate Stuff 1-11,text,true,,222,24,24,http://172.31.8.205:27474/db/data/transaction/commit,,21,ISO-8859-1,1,0,12ae572e559d,0

1438775979800,86,Create stuff,200,OK,Thread Group: Generate Stuff 1-12,text,true,,222,25,25,http://172.31.8.205:27474/db/data/transaction/commit,,86,ISO-8859-1,1,0,12ae572e559d,0

1438775979802,82,Create stuff,200,OK,Thread Group: Generate Stuff 1-2,text,true,,222,24,24,http://172.31.8.205:27474/db/data/transaction/commit,,82,ISO-8859-1,1,0,12ae572e559d,0

1438775979804,74,Create stuff,200,OK,Thread Group: Generate Stuff 1-7,text,true,,222,25,25,http://172.31.8.205:27474/db/data/transaction/commit,,74,ISO-8859-1,1,0,12ae572e559d,0

1438775979808,41,Create stuff,200,OK,Thread Group: Generate Stuff 1-4,text,true,,222,24,24,http://172.31.8.205:27474/db/data/transaction/commit,,41,ISO-8859-1,1,0,12ae572e559d,0

1438775979814,77,Create stuff,200,OK,Thread Group: Generate Stuff 1-6,text,true,,222,25,25,http://172.31.8.205:27474/db/data/transaction/commit,,77,ISO-8859-1,1,0,12ae572e559d,0

1438775979842,35,Create stuff,200,OK,Thread Group: Generate Stuff 1-5,text,true,,222,26,26,http://172.31.8.205:27474/db/data/transaction/commit,,35,ISO-8859-1,1,0,12ae572e559d,0

1438775979844,56,Create stuff,200,OK,Thread Group: Generate Stuff 1-8,text,true,,222,24,24,http://172.31.8.205:27474/db/data/transaction/commit,,55,ISO-8859-1,1,0,12ae572e559d,0

1438775979849,73,Create stuff,200,OK,Thread Group: Generate Stuff 1-4,text,true,,222,18,18,http://172.31.8.205:27474/db/data/transaction/commit,,73,ISO-8859-1,1,0,12ae572e559d,0

1438775979866,14,Create stuff,200,OK,Thread Group: Generate Stuff 1-17,text,true,,222,25,25,http://172.31.8.205:27474/db/data/transaction/commit,,14,ISO-8859-1,1,0,12ae572e559d,0

1438775979866,22,Create stuff,200,OK,Thread Group: Generate Stuff 1-16,text,true,,222,25,25,http://172.31.8.205:27474/db/data/transaction/commit,,22,ISO-8859-1,1,0,12ae572e559d,0

1438775979867,28,Create stuff,200,OK,Thread Group: Generate Stuff 1-13,text,true,,222,26,26,http://172.31.8.205:27474/db/data/transaction/commit,,28,ISO-8859-1,1,0,12ae572e559d,0

1438775979871,53,Create stuff,200,OK,Thread Group: Generate Stuff 1-3,text,true,,222,18,18,http://172.31.8.205:27474/db/data/transaction/commit,,53,ISO-8859-1,1,0,12ae572e559d,0

1438775979871,60,Create stuff,200,OK,Thread Group: Generate Stuff 1-21,text,true,,222,10,10,http://172.31.8.205:27474/db/data/transaction/commit,,60,ISO-8859-1,1,0,12ae572e559d,0

1438775979872,25,Create stuff,200,OK,Thread Group: Generate Stuff 1-11,text,true,,222,26,26,http://172.31.8.205:27474/db/data/transaction/commit,,25,ISO-8859-1,1,0,12ae572e559d,0

1438775979876,35,Create stuff,200,OK,Thread Group: Generate Stuff 1-14,text,true,,222,23,23,http://172.31.8.205:27474/db/data/transaction/commit,,35,ISO-8859-1,1,0,12ae572e559d,0

1438775979881,45,Create stuff,200,OK,Thread Group: Generate Stuff 1-18,text,true,,222,18,18,http://172.31.8.205:27474/db/data/transaction/commit,,45,ISO-8859-1,1,0,12ae572e559d,0

1438775979882,27,Create stuff,200,OK,Thread Group: Generate Stuff 1-19,text,true,,222,24,24,http://172.31.8.205:27474/db/data/transaction/commit,,27,ISO-8859-1,1,0,12ae572e559d,0

1438775979883,51,Create stuff,200,OK,Thread Group: Generate Stuff 1-24,text,true,,222,7,7,http://172.31.8.205:27474/db/data/transaction/commit,,51,ISO-8859-1,1,0,12ae572e559d,0

1438775979888,52,Create stuff,200,OK,Thread Group: Generate Stuff 1-22,text,true,,222,6,6,http://172.31.8.205:27474/db/data/transaction/commit,,52,ISO-8859-1,1,0,12ae572e559d,0

1438775979889,40,Create stuff,200,OK,Thread Group: Generate Stuff 1-9,text,true,,222,16,16,http://172.31.8.205:27474/db/data/transaction/commit,,40,ISO-8859-1,1,0,12ae572e559d,0

1438775979890,15,Create stuff,200,OK,Thread Group: Generate Stuff 1-15,text,true,,222,24,24,http://172.31.8.205:27474/db/data/transaction/commit,,15,ISO-8859-1,1,0,12ae572e559d,0

1438775979893,44,Create stuff,200,OK,Thread Group: Generate Stuff 1-23,text,true,,222,6,6,http://172.31.8.205:27474/db/data/transaction/commit,,44,ISO-8859-1,1,0,12ae572e559d,0

1438775979938,74,Create stuff,200,OK,Thread Group: Generate Stuff 1-6,text,true,,222,17,17,http://172.31.8.205:27474/db/data/transaction/commit,,74,ISO-8859-1,1,0,985aa859d74d,0

1438775979943,80,Create stuff,200,OK,Thread Group: Generate Stuff 1-12,text,true,,222,19,19,http://172.31.8.205:27474/db/data/transaction/commit,,80,ISO-8859-1,1,0,985aa859d74d,0

1438775979947,83,Create stuff,200,OK,Thread Group: Generate Stuff 1-11,text,true,,222,20,20,http://172.31.8.205:27474/db/data/transaction/commit,,83,ISO-8859-1,1,0,985aa859d74d,0

1438775979960,49,Create stuff,200,OK,Thread Group: Generate Stuff 1-4,text,true,,222,17,17,http://172.31.8.205:27474/db/data/transaction/commit,,49,ISO-8859-1,1,0,985aa859d74d,0

1438775979961,54,Create stuff,200,OK,Thread Group: Generate Stuff 1-9,text,true,,222,18,18,http://172.31.8.205:27474/db/data/transaction/commit,,54,ISO-8859-1,1,0,985aa859d74d,0

1438775979963,72,Create stuff,200,OK,Thread Group: Generate Stuff 1-3,text,true,,222,21,21,http://172.31.8.205:27474/db/data/transaction/commit,,72,ISO-8859-1,1,0,985aa859d74d,0

1438775979966,50,Create stuff,200,OK,Thread Group: Generate Stuff 1-5,text,true,,222,18,18,http://172.31.8.205:27474/db/data/transaction/commit,,50,ISO-8859-1,1,0,985aa859d74d,0

1438775979968,53,Create stuff,200,OK,Thread Group: Generate Stuff 1-7,text,true,,222,18,18,http://172.31.8.205:27474/db/data/transaction/commit,,53,ISO-8859-1,1,0,985aa859d74d,0

1438775979975,39,Create stuff,200,OK,Thread Group: Generate Stuff 1-8,text,true,,222,18,18,http://172.31.8.205:27474/db/data/transaction/commit,,39,ISO-8859-1,1,0,985aa859d74d,0

1438775979978,33,Create stuff,200,OK,Thread Group: Generate Stuff 1-2,text,true,,222,17,17,http://172.31.8.205:27474/db/data/transaction/commit,,33,ISO-8859-1,1,0,985aa859d74d,0

1438775980009,57,Create stuff,200,OK,Thread Group: Generate Stuff 1-4,text,true,,222,24,24,http://172.31.8.205:27474/db/data/transaction/commit,,57,ISO-8859-1,1,0,985aa859d74d,0

1438775980011,52,Create stuff,200,OK,Thread Group: Generate Stuff 1-2,text,true,,222,24,24,http://172.31.8.205:27474/db/data/transaction/commit,,52,ISO-8859-1,1,0,985aa859d74d,0

1438775980013,71,Create stuff,200,OK,Thread Group: Generate Stuff 1-6,text,true,,222,21,21,http://172.31.8.205:27474/db/data/transaction/commit,,71,ISO-8859-1,1,0,985aa859d74d,0

1438775980014,47,Create stuff,200,OK,Thread Group: Generate Stuff 1-8,text,true,,222,24,24,http://172.31.8.205:27474/db/data/transaction/commit,,47,ISO-8859-1,1,0,985aa859d74d,0

1438775980017,40,Create stuff,200,OK,Thread Group: Generate Stuff 1-5,text,true,,222,21,21,http://172.31.8.205:27474/db/data/transaction/commit,,40,ISO-8859-1,1,0,985aa859d74d,0

1438775980018,68,Create stuff,200,OK,Thread Group: Generate Stuff 1-16,text,true,,222,21,21,http://172.31.8.205:27474/db/data/transaction/commit,,68,ISO-8859-1,1,0,985aa859d74d,0

1438775980019,39,Create stuff,200,OK,Thread Group: Generate Stuff 1-9,text,true,,222,21,21,http://172.31.8.205:27474/db/data/transaction/commit,,39,ISO-8859-1,1,0,985aa859d74d,0

1438775980019,41,Create stuff,200,OK,Thread Group: Generate Stuff 1-10,text,true,,222,24,24,http://172.31.8.205:27474/db/data/transaction/commit,,41,ISO-8859-1,1,0,985aa859d74d,0

1438775980020,69,Create stuff,200,OK,Thread Group: Generate Stuff 1-15,text,true,,222,18,18,http://172.31.8.205:27474/db/data/transaction/commit,,69,ISO-8859-1,1,0,985aa859d74d,0

1438775980021,60,Create stuff,200,OK,Thread Group: Generate Stuff 1-7,text,true,,222,22,22,http://172.31.8.205:27474/db/data/transaction/commit,,60,ISO-8859-1,1,0,985aa859d74d,0

1438775980028,40,Create stuff,200,OK,Thread Group: Generate Stuff 1-1,text,true,,222,24,24,http://172.31.8.205:27474/db/data/transaction/commit,,40,ISO-8859-1,1,0,985aa859d74d,0

1438775980030,53,Create stuff,200,OK,Thread Group: Generate Stuff 1-11,text,true,,222,22,22,http://172.31.8.205:27474/db/data/transaction/commit,,53,ISO-8859-1,1,0,985aa859d74d,0

1438775980031,36,Create stuff,200,OK,Thread Group: Generate Stuff 1-13,text,true,,222,24,24,http://172.31.8.205:27474/db/data/transaction/commit,,36,ISO-8859-1,1,0,985aa859d74d,0

1438775980034,40,Create stuff,200,OK,Thread Group: Generate Stuff 1-12,text,true,,222,23,23,http://172.31.8.205:27474/db/data/transaction/commit,,40,ISO-8859-1,1,0,985aa859d74d,0

1438775980036,42,Create stuff,200,OK,Thread Group: Generate Stuff 1-3,text,true,,222,23,23,http://172.31.8.205:27474/db/data/transaction/commit,,42,ISO-8859-1,1,0,985aa859d74d,0

1438775980038,55,Create stuff,200,OK,Thread Group: Generate Stuff 1-17,text,true,,222,12,12,http://172.31.8.205:27474/db/data/transaction/commit,,55,ISO-8859-1,1,0,985aa859d74d,0

1438775980039,49,Create stuff,200,OK,Thread Group: Generate Stuff 1-14,text,true,,222,18,18,http://172.31.8.205:27474/db/data/transaction/commit,,49,ISO-8859-1,1,0,985aa859d74d,0

1438775980077,43,Create stuff,200,OK,Thread Group: Generate Stuff 1-18,text,true,,222,1,1,http://172.31.8.205:27474/db/data/transaction/commit,,43,ISO-8859-1,1,0,985aa859d74d,0

1438775980080,25,Create stuff,200,OK,Thread Group: Generate Stuff 1-20,text,true,,222,9,9,http://172.31.8.205:27474/db/data/transaction/commit,,25,ISO-8859-1,1,0,985aa859d74d,0

1438775980091,24,Create stuff,200,OK,Thread Group: Generate Stuff 1-19,text,true,,222,3,3,http://172.31.8.205:27474/db/data/transaction/commit,,24,ISO-8859-1,1,0,985aa859d74d,0

1438775980092,19,Create stuff,200,OK,Thread Group: Generate Stuff 1-21,text,true,,222,3,3,http://172.31.8.205:27474/db/data/transaction/commit,,19,ISO-8859-1,1,0,985aa859d74d,0

