1438775983795,53,Erstelle Workspace,200,OK,Thread Group: getWorkspaceItems 7-1,text,true,,277,1,1,http://172.31.8.205:27474/db/data/transaction/commit,,53,ISO-8859-1,1,0,985aa859d74d,0

1438775983843,66,Erstelle Workspace,200,OK,Thread Group: getWorkspaceItems 7-1,text,true,,277,1,1,http://172.31.8.205:27474/db/data/transaction/commit,,66,ISO-8859-1,1,0,12ae572e559d,0

1438775983960,65,Erstelle Workspace,200,OK,Thread Group: getWorkspaceItems 7-1,text,true,,277,1,1,http://172.31.8.205:27474/db/data/transaction/commit,,65,ISO-8859-1,1,0,99214e63c6ae,0

1438775983995,53,Erstelle Workspace,200,OK,Thread Group: getWorkspaceItems 7-1,text,true,,277,2,2,http://172.31.8.205:27474/db/data/transaction/commit,,53,ISO-8859-1,1,0,985aa859d74d,0

1438775984040,46,Erstelle Workspace,200,OK,Thread Group: getWorkspaceItems 7-2,text,true,,277,2,2,http://172.31.8.205:27474/db/data/transaction/commit,,46,ISO-8859-1,1,0,985aa859d74d,0

1438775984063,78,Erstelle Workspace,200,OK,Thread Group: getWorkspaceItems 7-1,text,true,,277,2,2,http://172.31.8.205:27474/db/data/transaction/commit,,78,ISO-8859-1,1,0,12ae572e559d,0

1438775984092,54,Erstelle Workspace,200,OK,Thread Group: getWorkspaceItems 7-2,text,true,,277,2,2,http://172.31.8.205:27474/db/data/transaction/commit,,54,ISO-8859-1,1,0,12ae572e559d,0

1438775984171,76,Erstelle Workspace,200,OK,Thread Group: getWorkspaceItems 7-1,text,true,,277,2,2,http://172.31.8.205:27474/db/data/transaction/commit,,76,ISO-8859-1,1,0,99214e63c6ae,0

1438775984205,72,Erstelle Workspace,200,OK,Thread Group: getWorkspaceItems 7-2,text,true,,277,2,2,http://172.31.8.205:27474/db/data/transaction/commit,,72,ISO-8859-1,1,0,99214e63c6ae,0

1438775984312,66,Erstelle Workspace,200,OK,Thread Group: getWorkspaceItems 7-3,text,true,,277,3,3,http://172.31.8.205:27474/db/data/transaction/commit,,66,ISO-8859-1,1,0,985aa859d74d,0

1438775984342,36,Erstelle Workspace,200,OK,Thread Group: getWorkspaceItems 7-3,text,true,,277,3,3,http://172.31.8.205:27474/db/data/transaction/commit,,36,ISO-8859-1,1,0,12ae572e559d,0

1438775984394,88,Erstelle Workspace,200,OK,Thread Group: getWorkspaceItems 7-1,text,true,,277,3,3,http://172.31.8.205:27474/db/data/transaction/commit,,88,ISO-8859-1,1,0,985aa859d74d,0

1438775984430,90,Erstelle Workspace,200,OK,Thread Group: getWorkspaceItems 7-2,text,true,,277,3,3,http://172.31.8.205:27474/db/data/transaction/commit,,90,ISO-8859-1,1,0,985aa859d74d,0

1438775984458,42,Erstelle Workspace,200,OK,Thread Group: getWorkspaceItems 7-3,text,true,,277,3,3,http://172.31.8.205:27474/db/data/transaction/commit,,42,ISO-8859-1,1,0,99214e63c6ae,0

1438775984460,54,Erstelle Workspace,200,OK,Thread Group: getWorkspaceItems 7-1,text,true,,277,3,3,http://172.31.8.205:27474/db/data/transaction/commit,,54,ISO-8859-1,1,0,12ae572e559d,0

1438775984512,75,Erstelle Workspace,200,OK,Thread Group: getWorkspaceItems 7-2,text,true,,277,3,3,http://172.31.8.205:27474/db/data/transaction/commit,,75,ISO-8859-1,1,0,12ae572e559d,0

1438775984545,56,Erstelle Workspace,200,OK,Thread Group: getWorkspaceItems 7-1,text,true,,277,3,3,http://172.31.8.205:27474/db/data/transaction/commit,,56,ISO-8859-1,1,0,99214e63c6ae,0

1438775984551,69,Erstelle Workspace,200,OK,Thread Group: getWorkspaceItems 7-4,text,true,,277,4,4,http://172.31.8.205:27474/db/data/transaction/commit,,69,ISO-8859-1,1,0,985aa859d74d,0

1438775984596,96,Erstelle Workspace,200,OK,Thread Group: getWorkspaceItems 7-4,text,true,,277,4,4,http://172.31.8.205:27474/db/data/transaction/commit,,96,ISO-8859-1,1,0,12ae572e559d,0

1438775984600,126,Erstelle Workspace,200,OK,Thread Group: getWorkspaceItems 7-3,text,true,,277,4,4,http://172.31.8.205:27474/db/data/transaction/commit,,126,ISO-8859-1,1,0,12ae572e559d,0

1438775984683,55,Erstelle Workspace,200,OK,Thread Group: getWorkspaceItems 7-2,text,true,,277,4,4,http://172.31.8.205:27474/db/data/transaction/commit,,55,ISO-8859-1,1,0,99214e63c6ae,0

1438775984710,56,Erstelle Workspace,200,OK,Thread Group: getWorkspaceItems 7-3,text,true,,277,4,4,http://172.31.8.205:27474/db/data/transaction/commit,,56,ISO-8859-1,1,0,985aa859d74d,0

1438775984715,84,Erstelle Workspace,200,OK,Thread Group: getWorkspaceItems 7-4,text,true,,277,4,4,http://172.31.8.205:27474/db/data/transaction/commit,,84,ISO-8859-1,1,0,99214e63c6ae,0

1438775984733,116,Erstelle Workspace,200,OK,Thread Group: getWorkspaceItems 7-3,text,true,,277,4,4,http://172.31.8.205:27474/db/data/transaction/commit,,116,ISO-8859-1,1,0,99214e63c6ae,0

1438775984832,104,Erstelle Workspace,200,OK,Thread Group: getWorkspaceItems 7-2,text,true,,277,4,4,http://172.31.8.205:27474/db/data/transaction/commit,,104,ISO-8859-1,1,0,985aa859d74d,0

1438775984837,104,Erstelle Workspace,200,OK,Thread Group: getWorkspaceItems 7-1,text,true,,277,4,4,http://172.31.8.205:27474/db/data/transaction/commit,,104,ISO-8859-1,1,0,985aa859d74d,0

1438775984854,55,Erstelle Workspace,200,OK,Thread Group: getWorkspaceItems 7-1,text,true,,277,4,4,http://172.31.8.205:27474/db/data/transaction/commit,,55,ISO-8859-1,1,0,12ae572e559d,0

1438775984869,41,Erstelle Workspace,200,OK,Thread Group: getWorkspaceItems 7-4,text,true,,277,4,4,http://172.31.8.205:27474/db/data/transaction/commit,,41,ISO-8859-1,1,0,985aa859d74d,0

1438775984896,57,Erstelle Workspace,200,OK,Thread Group: getWorkspaceItems 7-1,text,true,,277,4,4,http://172.31.8.205:27474/db/data/transaction/commit,,57,ISO-8859-1,1,0,99214e63c6ae,0

1438775984914,46,Erstelle Workspace,200,OK,Thread Group: getWorkspaceItems 7-3,text,true,,277,4,4,http://172.31.8.205:27474/db/data/transaction/commit,,45,ISO-8859-1,1,0,985aa859d74d,0

1438775984936,57,Erstelle Workspace,200,OK,Thread Group: getWorkspaceItems 7-2,text,true,,277,4,4,http://172.31.8.205:27474/db/data/transaction/commit,,57,ISO-8859-1,1,0,12ae572e559d,0

1438775985032,73,Erstelle Workspace,200,OK,Thread Group: getWorkspaceItems 7-2,text,true,,277,4,4,http://172.31.8.205:27474/db/data/transaction/commit,,73,ISO-8859-1,1,0,99214e63c6ae,0

1438775985053,63,Erstelle Workspace,200,OK,Thread Group: getWorkspaceItems 7-3,text,true,,277,4,4,http://172.31.8.205:27474/db/data/transaction/commit,,63,ISO-8859-1,1,0,12ae572e559d,0

1438775985057,47,Erstelle Workspace,200,OK,Thread Group: getWorkspaceItems 7-4,text,true,,277,4,4,http://172.31.8.205:27474/db/data/transaction/commit,,46,ISO-8859-1,1,0,12ae572e559d,0

1438775985098,68,Erstelle Workspace,200,OK,Thread Group: getWorkspaceItems 7-1,text,true,,277,4,4,http://172.31.8.205:27474/db/data/transaction/commit,,68,ISO-8859-1,1,0,12ae572e559d,0

1438775985160,59,Erstelle Workspace,200,OK,Thread Group: getWorkspaceItems 7-3,text,true,,277,4,4,http://172.31.8.205:27474/db/data/transaction/commit,,59,ISO-8859-1,1,0,99214e63c6ae,0

1438775985176,79,Erstelle Workspace,200,OK,Thread Group: getWorkspaceItems 7-4,text,true,,277,4,4,http://172.31.8.205:27474/db/data/transaction/commit,,79,ISO-8859-1,1,0,985aa859d74d,0

1438775985191,55,Erstelle Workspace,200,OK,Thread Group: getWorkspaceItems 7-3,text,true,,277,4,4,http://172.31.8.205:27474/db/data/transaction/commit,,55,ISO-8859-1,1,0,985aa859d74d,0

1438775985195,60,Erstelle Workspace,200,OK,Thread Group: getWorkspaceItems 7-4,text,true,,277,4,4,http://172.31.8.205:27474/db/data/transaction/commit,,60,ISO-8859-1,1,0,99214e63c6ae,0

1438775985233,104,Erstelle Workspace,200,OK,Thread Group: getWorkspaceItems 7-2,text,true,,277,4,4,http://172.31.8.205:27474/db/data/transaction/commit,,104,ISO-8859-1,1,0,12ae572e559d,0

1438775985238,59,Erstelle Workspace,200,OK,Thread Group: getWorkspaceItems 7-1,text,true,,277,4,4,http://172.31.8.205:27474/db/data/transaction/commit,,59,ISO-8859-1,1,0,99214e63c6ae,0

1438775985250,111,Erstelle Workspace,200,OK,Thread Group: getWorkspaceItems 7-2,text,true,,277,4,4,http://172.31.8.205:27474/db/data/transaction/commit,,111,ISO-8859-1,1,0,985aa859d74d,0

1438775985252,69,Erstelle Workspace,200,OK,Thread Group: getWorkspaceItems 7-1,text,true,,277,4,4,http://172.31.8.205:27474/db/data/transaction/commit,,69,ISO-8859-1,1,0,985aa859d74d,0

1438775985365,49,Erstelle Workspace,200,OK,Thread Group: getWorkspaceItems 7-4,text,true,,277,4,4,http://172.31.8.205:27474/db/data/transaction/commit,,49,ISO-8859-1,1,0,12ae572e559d,0

1438775985369,76,Erstelle Workspace,200,OK,Thread Group: getWorkspaceItems 7-2,text,true,,277,4,4,http://172.31.8.205:27474/db/data/transaction/commit,,76,ISO-8859-1,1,0,99214e63c6ae,0

1438775985375,129,Erstelle Workspace,200,OK,Thread Group: getWorkspaceItems 7-3,text,true,,277,3,3,http://172.31.8.205:27474/db/data/transaction/commit,,129,ISO-8859-1,1,0,12ae572e559d,0

1438775985492,104,Erstelle Workspace,200,OK,Thread Group: getWorkspaceItems 7-3,text,true,,277,3,3,http://172.31.8.205:27474/db/data/transaction/commit,,104,ISO-8859-1,1,0,99214e63c6ae,0

1438775985519,121,Erstelle Workspace,200,OK,Thread Group: getWorkspaceItems 7-3,text,true,,277,3,3,http://172.31.8.205:27474/db/data/transaction/commit,,121,ISO-8859-1,1,0,985aa859d74d,0

1438775985525,112,Erstelle Workspace,200,OK,Thread Group: getWorkspaceItems 7-4,text,true,,277,3,3,http://172.31.8.205:27474/db/data/transaction/commit,,112,ISO-8859-1,1,0,985aa859d74d,0

1438775985527,113,Erstelle Workspace,200,OK,Thread Group: getWorkspaceItems 7-4,text,true,,277,3,3,http://172.31.8.205:27474/db/data/transaction/commit,,113,ISO-8859-1,1,0,99214e63c6ae,0

1438775985549,52,Erstelle Workspace,200,OK,Thread Group: getWorkspaceItems 7-2,text,true,,277,3,3,http://172.31.8.205:27474/db/data/transaction/commit,,52,ISO-8859-1,1,0,985aa859d74d,0

1438775985671,83,Erstelle Workspace,200,OK,Thread Group: getWorkspaceItems 7-2,text,true,,277,3,3,http://172.31.8.205:27474/db/data/transaction/commit,,83,ISO-8859-1,1,0,12ae572e559d,0

1438775985678,93,Erstelle Workspace,200,OK,Thread Group: getWorkspaceItems 7-4,text,true,,277,3,3,http://172.31.8.205:27474/db/data/transaction/commit,,93,ISO-8859-1,1,0,12ae572e559d,0

1438775985760,52,Erstelle Workspace,200,OK,Thread Group: getWorkspaceItems 7-3,text,true,,277,3,3,http://172.31.8.205:27474/db/data/transaction/commit,,52,ISO-8859-1,1,0,12ae572e559d,0

1438775985761,40,Erstelle Workspace,200,OK,Thread Group: getWorkspaceItems 7-2,text,true,,277,3,3,http://172.31.8.205:27474/db/data/transaction/commit,,40,ISO-8859-1,1,0,99214e63c6ae,0

1438775985785,57,Erstelle Workspace,200,OK,Thread Group: getWorkspaceItems 7-4,text,true,,277,1,1,http://172.31.8.205:27474/db/data/transaction/commit,,57,ISO-8859-1,1,0,985aa859d74d,0

1438775985863,59,Erstelle Workspace,200,OK,Thread Group: getWorkspaceItems 7-3,text,true,,277,3,3,http://172.31.8.205:27474/db/data/transaction/commit,,59,ISO-8859-1,1,0,99214e63c6ae,0

1438775985911,74,Erstelle Workspace,200,OK,Thread Group: getWorkspaceItems 7-4,text,true,,277,2,2,http://172.31.8.205:27474/db/data/transaction/commit,,74,ISO-8859-1,1,0,99214e63c6ae,0

1438775985932,45,Erstelle Workspace,200,OK,Thread Group: getWorkspaceItems 7-4,text,true,,277,1,1,http://172.31.8.205:27474/db/data/transaction/commit,,44,ISO-8859-1,1,0,12ae572e559d,0

1438775986119,39,Erstelle Workspace,200,OK,Thread Group: getWorkspaceItems 7-4,text,true,,277,1,1,http://172.31.8.205:27474/db/data/transaction/commit,,39,ISO-8859-1,1,0,99214e63c6ae,0

