1438775983853,8,Erstelle wsi,200,OK,Thread Group: getWorkspaceItems 7-1,text,true,,231,1,1,http://172.31.8.205:27474/db/data/transaction/commit,,8,ISO-8859-1,1,0,985aa859d74d,0

1438775983883,10,Erstelle wsi,200,OK,Thread Group: getWorkspaceItems 7-1,text,true,,231,1,1,http://172.31.8.205:27474/db/data/transaction/commit,,10,ISO-8859-1,1,0,985aa859d74d,0

1438775983898,11,Erstelle wsi,200,OK,Thread Group: getWorkspaceItems 7-1,text,true,,231,1,1,http://172.31.8.205:27474/db/data/transaction/commit,,11,ISO-8859-1,1,0,985aa859d74d,0

1438775983913,9,Erstelle wsi,200,OK,Thread Group: getWorkspaceItems 7-1,text,true,,231,1,1,http://172.31.8.205:27474/db/data/transaction/commit,,9,ISO-8859-1,1,0,12ae572e559d,0

1438775983924,13,Erstelle wsi,200,OK,Thread Group: getWorkspaceItems 7-1,text,true,,231,1,1,http://172.31.8.205:27474/db/data/transaction/commit,,13,ISO-8859-1,1,0,985aa859d74d,0

1438775983938,11,Erstelle wsi,200,OK,Thread Group: getWorkspaceItems 7-1,text,true,,231,1,1,http://172.31.8.205:27474/db/data/transaction/commit,,11,ISO-8859-1,1,0,12ae572e559d,0

1438775983944,14,Erstelle wsi,200,OK,Thread Group: getWorkspaceItems 7-1,text,true,,231,1,1,http://172.31.8.205:27474/db/data/transaction/commit,,14,ISO-8859-1,1,0,985aa859d74d,0

1438775983956,19,Erstelle wsi,200,OK,Thread Group: getWorkspaceItems 7-1,text,true,,231,1,1,http://172.31.8.205:27474/db/data/transaction/commit,,19,ISO-8859-1,1,0,12ae572e559d,0

1438775983978,9,Erstelle wsi,200,OK,Thread Group: getWorkspaceItems 7-1,text,true,,231,1,1,http://172.31.8.205:27474/db/data/transaction/commit,,9,ISO-8859-1,1,0,985aa859d74d,0

1438775984000,9,Erstelle wsi,200,OK,Thread Group: getWorkspaceItems 7-1,text,true,,231,1,1,http://172.31.8.205:27474/db/data/transaction/commit,,9,ISO-8859-1,1,0,12ae572e559d,0

1438775984019,8,Erstelle wsi,200,OK,Thread Group: getWorkspaceItems 7-1,text,true,,231,1,1,http://172.31.8.205:27474/db/data/transaction/commit,,8,ISO-8859-1,1,0,12ae572e559d,0

1438775984030,7,Erstelle wsi,200,OK,Thread Group: getWorkspaceItems 7-1,text,true,,231,1,1,http://172.31.8.205:27474/db/data/transaction/commit,,7,ISO-8859-1,1,0,99214e63c6ae,0

1438775984046,8,Erstelle wsi,200,OK,Thread Group: getWorkspaceItems 7-1,text,true,,231,1,1,http://172.31.8.205:27474/db/data/transaction/commit,,8,ISO-8859-1,1,0,12ae572e559d,0

1438775984048,18,Erstelle wsi,200,OK,Thread Group: getWorkspaceItems 7-1,text,true,,231,2,2,http://172.31.8.205:27474/db/data/transaction/commit,,17,ISO-8859-1,1,0,985aa859d74d,0

1438775984052,10,Erstelle wsi,200,OK,Thread Group: getWorkspaceItems 7-1,text,true,,231,1,1,http://172.31.8.205:27474/db/data/transaction/commit,,10,ISO-8859-1,1,0,99214e63c6ae,0

1438775984068,9,Erstelle wsi,200,OK,Thread Group: getWorkspaceItems 7-1,text,true,,231,1,1,http://172.31.8.205:27474/db/data/transaction/commit,,9,ISO-8859-1,1,0,99214e63c6ae,0

1438775984083,21,Erstelle wsi,200,OK,Thread Group: getWorkspaceItems 7-1,text,true,,231,2,2,http://172.31.8.205:27474/db/data/transaction/commit,,21,ISO-8859-1,1,0,985aa859d74d,0

1438775984087,9,Erstelle wsi,200,OK,Thread Group: getWorkspaceItems 7-2,text,true,,231,2,2,http://172.31.8.205:27474/db/data/transaction/commit,,9,ISO-8859-1,1,0,985aa859d74d,0

1438775984104,9,Erstelle wsi,200,OK,Thread Group: getWorkspaceItems 7-1,text,true,,231,1,1,http://172.31.8.205:27474/db/data/transaction/commit,,9,ISO-8859-1,1,0,99214e63c6ae,0

1438775984113,13,Erstelle wsi,200,OK,Thread Group: getWorkspaceItems 7-1,text,true,,231,2,2,http://172.31.8.205:27474/db/data/transaction/commit,,13,ISO-8859-1,1,0,985aa859d74d,0

1438775984115,14,Erstelle wsi,200,OK,Thread Group: getWorkspaceItems 7-2,text,true,,231,2,2,http://172.31.8.205:27474/db/data/transaction/commit,,14,ISO-8859-1,1,0,985aa859d74d,0

1438775984120,9,Erstelle wsi,200,OK,Thread Group: getWorkspaceItems 7-1,text,true,,231,1,1,http://172.31.8.205:27474/db/data/transaction/commit,,9,ISO-8859-1,1,0,99214e63c6ae,0

1438775984136,9,Erstelle wsi,200,OK,Thread Group: getWorkspaceItems 7-2,text,true,,231,2,2,http://172.31.8.205:27474/db/data/transaction/commit,,9,ISO-8859-1,1,0,985aa859d74d,0

1438775984141,12,Erstelle wsi,200,OK,Thread Group: getWorkspaceItems 7-1,text,true,,231,2,2,http://172.31.8.205:27474/db/data/transaction/commit,,12,ISO-8859-1,1,0,12ae572e559d,0

1438775984143,14,Erstelle wsi,200,OK,Thread Group: getWorkspaceItems 7-1,text,true,,231,2,2,http://172.31.8.205:27474/db/data/transaction/commit,,14,ISO-8859-1,1,0,985aa859d74d,0

1438775984147,11,Erstelle wsi,200,OK,Thread Group: getWorkspaceItems 7-2,text,true,,231,2,2,http://172.31.8.205:27474/db/data/transaction/commit,,11,ISO-8859-1,1,0,12ae572e559d,0

1438775984153,9,Erstelle wsi,200,OK,Thread Group: getWorkspaceItems 7-1,text,true,,231,1,1,http://172.31.8.205:27474/db/data/transaction/commit,,9,ISO-8859-1,1,0,99214e63c6ae,0

1438775984159,11,Erstelle wsi,200,OK,Thread Group: getWorkspaceItems 7-2,text,true,,231,2,2,http://172.31.8.205:27474/db/data/transaction/commit,,11,ISO-8859-1,1,0,985aa859d74d,0

1438775984163,11,Erstelle wsi,200,OK,Thread Group: getWorkspaceItems 7-1,text,true,,231,2,2,http://172.31.8.205:27474/db/data/transaction/commit,,11,ISO-8859-1,1,0,985aa859d74d,0

1438775984174,11,Erstelle wsi,200,OK,Thread Group: getWorkspaceItems 7-2,text,true,,231,2,2,http://172.31.8.205:27474/db/data/transaction/commit,,11,ISO-8859-1,1,0,12ae572e559d,0

1438775984177,16,Erstelle wsi,200,OK,Thread Group: getWorkspaceItems 7-1,text,true,,231,2,2,http://172.31.8.205:27474/db/data/transaction/commit,,16,ISO-8859-1,1,0,12ae572e559d,0

1438775984192,17,Erstelle wsi,200,OK,Thread Group: getWorkspaceItems 7-2,text,true,,231,2,2,http://172.31.8.205:27474/db/data/transaction/commit,,17,ISO-8859-1,1,0,12ae572e559d,0

1438775984202,15,Erstelle wsi,200,OK,Thread Group: getWorkspaceItems 7-1,text,true,,231,2,2,http://172.31.8.205:27474/db/data/transaction/commit,,14,ISO-8859-1,1,0,12ae572e559d,0

1438775984235,12,Erstelle wsi,200,OK,Thread Group: getWorkspaceItems 7-2,text,true,,231,2,2,http://172.31.8.205:27474/db/data/transaction/commit,,12,ISO-8859-1,1,0,12ae572e559d,0

1438775984241,14,Erstelle wsi,200,OK,Thread Group: getWorkspaceItems 7-1,text,true,,231,2,2,http://172.31.8.205:27474/db/data/transaction/commit,,14,ISO-8859-1,1,0,12ae572e559d,0

1438775984247,8,Erstelle wsi,200,OK,Thread Group: getWorkspaceItems 7-1,text,true,,231,2,2,http://172.31.8.205:27474/db/data/transaction/commit,,8,ISO-8859-1,1,0,99214e63c6ae,0

1438775984252,10,Erstelle wsi,200,OK,Thread Group: getWorkspaceItems 7-2,text,true,,231,2,2,http://172.31.8.205:27474/db/data/transaction/commit,,10,ISO-8859-1,1,0,12ae572e559d,0

1438775984271,13,Erstelle wsi,200,OK,Thread Group: getWorkspaceItems 7-1,text,true,,231,2,2,http://172.31.8.205:27474/db/data/transaction/commit,,13,ISO-8859-1,1,0,99214e63c6ae,0

1438775984277,12,Erstelle wsi,200,OK,Thread Group: getWorkspaceItems 7-2,text,true,,231,2,2,http://172.31.8.205:27474/db/data/transaction/commit,,12,ISO-8859-1,1,0,99214e63c6ae,0

1438775984296,12,Erstelle wsi,200,OK,Thread Group: getWorkspaceItems 7-1,text,true,,231,2,2,http://172.31.8.205:27474/db/data/transaction/commit,,12,ISO-8859-1,1,0,99214e63c6ae,0

1438775984311,14,Erstelle wsi,200,OK,Thread Group: getWorkspaceItems 7-2,text,true,,231,2,2,http://172.31.8.205:27474/db/data/transaction/commit,,14,ISO-8859-1,1,0,99214e63c6ae,0

1438775984324,17,Erstelle wsi,200,OK,Thread Group: getWorkspaceItems 7-2,text,true,,231,3,3,http://172.31.8.205:27474/db/data/transaction/commit,,17,ISO-8859-1,1,0,985aa859d74d,0

1438775984329,12,Erstelle wsi,200,OK,Thread Group: getWorkspaceItems 7-1,text,true,,231,2,2,http://172.31.8.205:27474/db/data/transaction/commit,,12,ISO-8859-1,1,0,99214e63c6ae,0

1438775984333,17,Erstelle wsi,200,OK,Thread Group: getWorkspaceItems 7-2,text,true,,231,2,2,http://172.31.8.205:27474/db/data/transaction/commit,,17,ISO-8859-1,1,0,99214e63c6ae,0

1438775984347,12,Erstelle wsi,200,OK,Thread Group: getWorkspaceItems 7-1,text,true,,231,2,2,http://172.31.8.205:27474/db/data/transaction/commit,,12,ISO-8859-1,1,0,99214e63c6ae,0

1438775984352,29,Erstelle wsi,200,OK,Thread Group: getWorkspaceItems 7-1,text,true,,231,3,3,http://172.31.8.205:27474/db/data/transaction/commit,,29,ISO-8859-1,1,0,985aa859d74d,0

1438775984379,28,Erstelle wsi,200,OK,Thread Group: getWorkspaceItems 7-3,text,true,,231,3,3,http://172.31.8.205:27474/db/data/transaction/commit,,28,ISO-8859-1,1,0,985aa859d74d,0

1438775984387,14,Erstelle wsi,200,OK,Thread Group: getWorkspaceItems 7-2,text,true,,231,3,3,http://172.31.8.205:27474/db/data/transaction/commit,,14,ISO-8859-1,1,0,985aa859d74d,0

1438775984389,13,Erstelle wsi,200,OK,Thread Group: getWorkspaceItems 7-3,text,true,,231,3,3,http://172.31.8.205:27474/db/data/transaction/commit,,13,ISO-8859-1,1,0,12ae572e559d,0

1438775984407,10,Erstelle wsi,200,OK,Thread Group: getWorkspaceItems 7-1,text,true,,231,3,3,http://172.31.8.205:27474/db/data/transaction/commit,,10,ISO-8859-1,1,0,12ae572e559d,0

1438775984419,10,Erstelle wsi,200,OK,Thread Group: getWorkspaceItems 7-3,text,true,,231,3,3,http://172.31.8.205:27474/db/data/transaction/commit,,10,ISO-8859-1,1,0,12ae572e559d,0

1438775984432,10,Erstelle wsi,200,OK,Thread Group: getWorkspaceItems 7-1,text,true,,231,3,3,http://172.31.8.205:27474/db/data/transaction/commit,,10,ISO-8859-1,1,0,12ae572e559d,0

1438775984435,10,Erstelle wsi,200,OK,Thread Group: getWorkspaceItems 7-3,text,true,,231,3,3,http://172.31.8.205:27474/db/data/transaction/commit,,9,ISO-8859-1,1,0,985aa859d74d,0

1438775984436,12,Erstelle wsi,200,OK,Thread Group: getWorkspaceItems 7-3,text,true,,231,3,3,http://172.31.8.205:27474/db/data/transaction/commit,,12,ISO-8859-1,1,0,12ae572e559d,0

1438775984457,16,Erstelle wsi,200,OK,Thread Group: getWorkspaceItems 7-3,text,true,,231,3,3,http://172.31.8.205:27474/db/data/transaction/commit,,15,ISO-8859-1,1,0,985aa859d74d,0

1438775984458,39,Erstelle wsi,200,OK,Thread Group: getWorkspaceItems 7-2,text,true,,231,3,3,http://172.31.8.205:27474/db/data/transaction/commit,,39,ISO-8859-1,1,0,12ae572e559d,0

1438775984467,22,Erstelle wsi,200,OK,Thread Group: getWorkspaceItems 7-3,text,true,,231,3,3,http://172.31.8.205:27474/db/data/transaction/commit,,22,ISO-8859-1,1,0,12ae572e559d,0

1438775984483,18,Erstelle wsi,200,OK,Thread Group: getWorkspaceItems 7-1,text,true,,231,3,3,http://172.31.8.205:27474/db/data/transaction/commit,,18,ISO-8859-1,1,0,985aa859d74d,0

1438775984502,35,Erstelle wsi,200,OK,Thread Group: getWorkspaceItems 7-3,text,true,,231,3,3,http://172.31.8.205:27474/db/data/transaction/commit,,35,ISO-8859-1,1,0,12ae572e559d,0

1438775984505,7,Erstelle wsi,200,OK,Thread Group: getWorkspaceItems 7-3,text,true,,231,3,3,http://172.31.8.205:27474/db/data/transaction/commit,,7,ISO-8859-1,1,0,99214e63c6ae,0

1438775984514,27,Erstelle wsi,200,OK,Thread Group: getWorkspaceItems 7-1,text,true,,231,3,3,http://172.31.8.205:27474/db/data/transaction/commit,,27,ISO-8859-1,1,0,12ae572e559d,0

1438775984520,21,Erstelle wsi,200,OK,Thread Group: getWorkspaceItems 7-2,text,true,,231,3,3,http://172.31.8.205:27474/db/data/transaction/commit,,21,ISO-8859-1,1,0,985aa859d74d,0

1438775984525,10,Erstelle wsi,200,OK,Thread Group: getWorkspaceItems 7-1,text,true,,231,3,3,http://172.31.8.205:27474/db/data/transaction/commit,,10,ISO-8859-1,1,0,99214e63c6ae,0

1438775984527,10,Erstelle wsi,200,OK,Thread Group: getWorkspaceItems 7-3,text,true,,231,3,3,http://172.31.8.205:27474/db/data/transaction/commit,,10,ISO-8859-1,1,0,99214e63c6ae,0

1438775984535,27,Erstelle wsi,200,OK,Thread Group: getWorkspaceItems 7-3,text,true,,231,4,4,http://172.31.8.205:27474/db/data/transaction/commit,,27,ISO-8859-1,1,0,985aa859d74d,0

1438775984546,16,Erstelle wsi,200,OK,Thread Group: getWorkspaceItems 7-3,text,true,,231,3,3,http://172.31.8.205:27474/db/data/transaction/commit,,16,ISO-8859-1,1,0,99214e63c6ae,0

1438775984552,26,Erstelle wsi,200,OK,Thread Group: getWorkspaceItems 7-1,text,true,,231,4,4,http://172.31.8.205:27474/db/data/transaction/commit,,26,ISO-8859-1,1,0,985aa859d74d,0

1438775984559,14,Erstelle wsi,200,OK,Thread Group: getWorkspaceItems 7-2,text,true,,231,3,3,http://172.31.8.205:27474/db/data/transaction/commit,,14,ISO-8859-1,1,0,99214e63c6ae,0

1438775984561,17,Erstelle wsi,200,OK,Thread Group: getWorkspaceItems 7-3,text,true,,231,3,3,http://172.31.8.205:27474/db/data/transaction/commit,,17,ISO-8859-1,1,0,12ae572e559d,0

1438775984577,13,Erstelle wsi,200,OK,Thread Group: getWorkspaceItems 7-1,text,true,,231,3,3,http://172.31.8.205:27474/db/data/transaction/commit,,13,ISO-8859-1,1,0,12ae572e559d,0

1438775984579,27,Erstelle wsi,200,OK,Thread Group: getWorkspaceItems 7-2,text,true,,231,3,3,http://172.31.8.205:27474/db/data/transaction/commit,,27,ISO-8859-1,1,0,99214e63c6ae,0

1438775984581,27,Erstelle wsi,200,OK,Thread Group: getWorkspaceItems 7-3,text,true,,231,4,4,http://172.31.8.205:27474/db/data/transaction/commit,,27,ISO-8859-1,1,0,985aa859d74d,0

1438775984586,35,Erstelle wsi,200,OK,Thread Group: getWorkspaceItems 7-3,text,true,,231,3,3,http://172.31.8.205:27474/db/data/transaction/commit,,35,ISO-8859-1,1,0,99214e63c6ae,0

1438775984587,12,Erstelle wsi,200,OK,Thread Group: getWorkspaceItems 7-2,text,true,,231,4,4,http://172.31.8.205:27474/db/data/transaction/commit,,12,ISO-8859-1,1,0,12ae572e559d,0

1438775984591,22,Erstelle wsi,200,OK,Thread Group: getWorkspaceItems 7-2,text,true,,231,4,4,http://172.31.8.205:27474/db/data/transaction/commit,,22,ISO-8859-1,1,0,985aa859d74d,0

1438775984595,44,Erstelle wsi,200,OK,Thread Group: getWorkspaceItems 7-1,text,true,,231,4,4,http://172.31.8.205:27474/db/data/transaction/commit,,44,ISO-8859-1,1,0,985aa859d74d,0

1438775984601,8,Erstelle wsi,200,OK,Thread Group: getWorkspaceItems 7-1,text,true,,231,3,3,http://172.31.8.205:27474/db/data/transaction/commit,,8,ISO-8859-1,1,0,99214e63c6ae,0

1438775984605,29,Erstelle wsi,200,OK,Thread Group: getWorkspaceItems 7-1,text,true,,231,4,4,http://172.31.8.205:27474/db/data/transaction/commit,,29,ISO-8859-1,1,0,12ae572e559d,0

1438775984620,31,Erstelle wsi,200,OK,Thread Group: getWorkspaceItems 7-4,text,true,,231,4,4,http://172.31.8.205:27474/db/data/transaction/commit,,31,ISO-8859-1,1,0,985aa859d74d,0

1438775984629,19,Erstelle wsi,200,OK,Thread Group: getWorkspaceItems 7-2,text,true,,231,4,4,http://172.31.8.205:27474/db/data/transaction/commit,,19,ISO-8859-1,1,0,985aa859d74d,0

1438775984630,31,Erstelle wsi,200,OK,Thread Group: getWorkspaceItems 7-3,text,true,,231,3,3,http://172.31.8.205:27474/db/data/transaction/commit,,31,ISO-8859-1,1,0,99214e63c6ae,0

1438775984637,31,Erstelle wsi,200,OK,Thread Group: getWorkspaceItems 7-2,text,true,,231,4,4,http://172.31.8.205:27474/db/data/transaction/commit,,30,ISO-8859-1,1,0,12ae572e559d,0

1438775984646,26,Erstelle wsi,200,OK,Thread Group: getWorkspaceItems 7-2,text,true,,231,3,3,http://172.31.8.205:27474/db/data/transaction/commit,,26,ISO-8859-1,1,0,99214e63c6ae,0

1438775984655,24,Erstelle wsi,200,OK,Thread Group: getWorkspaceItems 7-1,text,true,,231,3,3,http://172.31.8.205:27474/db/data/transaction/commit,,24,ISO-8859-1,1,0,99214e63c6ae,0

1438775984655,31,Erstelle wsi,200,OK,Thread Group: getWorkspaceItems 7-3,text,true,,231,4,4,http://172.31.8.205:27474/db/data/transaction/commit,,31,ISO-8859-1,1,0,985aa859d74d,0

1438775984678,30,Erstelle wsi,200,OK,Thread Group: getWorkspaceItems 7-2,text,true,,231,4,4,http://172.31.8.205:27474/db/data/transaction/commit,,30,ISO-8859-1,1,0,985aa859d74d,0

1438775984680,30,Erstelle wsi,200,OK,Thread Group: getWorkspaceItems 7-1,text,true,,231,4,4,http://172.31.8.205:27474/db/data/transaction/commit,,30,ISO-8859-1,1,0,12ae572e559d,0

1438775984683,22,Erstelle wsi,200,OK,Thread Group: getWorkspaceItems 7-2,text,true,,231,4,4,http://172.31.8.205:27474/db/data/transaction/commit,,22,ISO-8859-1,1,0,12ae572e559d,0

1438775984688,15,Erstelle wsi,200,OK,Thread Group: getWorkspaceItems 7-1,text,true,,231,3,3,http://172.31.8.205:27474/db/data/transaction/commit,,15,ISO-8859-1,1,0,99214e63c6ae,0

1438775984692,19,Erstelle wsi,200,OK,Thread Group: getWorkspaceItems 7-3,text,true,,231,4,4,http://172.31.8.205:27474/db/data/transaction/commit,,19,ISO-8859-1,1,0,99214e63c6ae,0

1438775984692,26,Erstelle wsi,200,OK,Thread Group: getWorkspaceItems 7-4,text,true,,231,4,4,http://172.31.8.205:27474/db/data/transaction/commit,,26,ISO-8859-1,1,0,12ae572e559d,0

1438775984694,31,Erstelle wsi,200,OK,Thread Group: getWorkspaceItems 7-1,text,true,,231,4,4,http://172.31.8.205:27474/db/data/transaction/commit,,31,ISO-8859-1,1,0,985aa859d74d,0

1438775984702,20,Erstelle wsi,200,OK,Thread Group: getWorkspaceItems 7-4,text,true,,231,4,4,http://172.31.8.205:27474/db/data/transaction/commit,,20,ISO-8859-1,1,0,985aa859d74d,0

1438775984726,26,Erstelle wsi,200,OK,Thread Group: getWorkspaceItems 7-3,text,true,,231,4,4,http://172.31.8.205:27474/db/data/transaction/commit,,26,ISO-8859-1,1,0,12ae572e559d,0

1438775984726,20,Erstelle wsi,200,OK,Thread Group: getWorkspaceItems 7-2,text,true,,231,4,4,http://172.31.8.205:27474/db/data/transaction/commit,,19,ISO-8859-1,1,0,985aa859d74d,0

1438775984727,22,Erstelle wsi,200,OK,Thread Group: getWorkspaceItems 7-1,text,true,,231,4,4,http://172.31.8.205:27474/db/data/transaction/commit,,22,ISO-8859-1,1,0,12ae572e559d,0

1438775984729,48,Erstelle wsi,200,OK,Thread Group: getWorkspaceItems 7-1,text,true,,231,4,4,http://172.31.8.205:27474/db/data/transaction/commit,,47,ISO-8859-1,1,0,99214e63c6ae,0

1438775984732,10,Erstelle wsi,200,OK,Thread Group: getWorkspaceItems 7-4,text,true,,231,4,4,http://172.31.8.205:27474/db/data/transaction/commit,,10,ISO-8859-1,1,0,985aa859d74d,0

1438775984733,23,Erstelle wsi,200,OK,Thread Group: getWorkspaceItems 7-1,text,true,,231,4,4,http://172.31.8.205:27474/db/data/transaction/commit,,23,ISO-8859-1,1,0,985aa859d74d,0

1438775984739,35,Erstelle wsi,200,OK,Thread Group: getWorkspaceItems 7-2,text,true,,231,4,4,http://172.31.8.205:27474/db/data/transaction/commit,,35,ISO-8859-1,1,0,99214e63c6ae,0

1438775984755,27,Erstelle wsi,200,OK,Thread Group: getWorkspaceItems 7-2,text,true,,231,4,4,http://172.31.8.205:27474/db/data/transaction/commit,,27,ISO-8859-1,1,0,12ae572e559d,0

1438775984768,30,Erstelle wsi,200,OK,Thread Group: getWorkspaceItems 7-4,text,true,,231,4,4,http://172.31.8.205:27474/db/data/transaction/commit,,30,ISO-8859-1,1,0,12ae572e559d,0

1438775984770,33,Erstelle wsi,200,OK,Thread Group: getWorkspaceItems 7-3,text,true,,231,4,4,http://172.31.8.205:27474/db/data/transaction/commit,,33,ISO-8859-1,1,0,985aa859d74d,0

1438775984776,47,Erstelle wsi,200,OK,Thread Group: getWorkspaceItems 7-1,text,true,,231,4,4,http://172.31.8.205:27474/db/data/transaction/commit,,47,ISO-8859-1,1,0,985aa859d74d,0

1438775984783,16,Erstelle wsi,200,OK,Thread Group: getWorkspaceItems 7-4,text,true,,231,4,4,http://172.31.8.205:27474/db/data/transaction/commit,,16,ISO-8859-1,1,0,985aa859d74d,0

1438775984786,50,Erstelle wsi,200,OK,Thread Group: getWorkspaceItems 7-1,text,true,,231,4,4,http://172.31.8.205:27474/db/data/transaction/commit,,50,ISO-8859-1,1,0,12ae572e559d,0

1438775984794,34,Erstelle wsi,200,OK,Thread Group: getWorkspaceItems 7-3,text,true,,231,4,4,http://172.31.8.205:27474/db/data/transaction/commit,,34,ISO-8859-1,1,0,12ae572e559d,0

1438775984795,21,Erstelle wsi,200,OK,Thread Group: getWorkspaceItems 7-1,text,true,,231,4,4,http://172.31.8.205:27474/db/data/transaction/commit,,21,ISO-8859-1,1,0,99214e63c6ae,0

1438775984796,24,Erstelle wsi,200,OK,Thread Group: getWorkspaceItems 7-2,text,true,,231,4,4,http://172.31.8.205:27474/db/data/transaction/commit,,24,ISO-8859-1,1,0,985aa859d74d,0

1438775984799,28,Erstelle wsi,200,OK,Thread Group: getWorkspaceItems 7-4,text,true,,231,4,4,http://172.31.8.205:27474/db/data/transaction/commit,,28,ISO-8859-1,1,0,99214e63c6ae,0

1438775984805,47,Erstelle wsi,200,OK,Thread Group: getWorkspaceItems 7-2,text,true,,231,4,4,http://172.31.8.205:27474/db/data/transaction/commit,,47,ISO-8859-1,1,0,12ae572e559d,0

1438775984806,17,Erstelle wsi,200,OK,Thread Group: getWorkspaceItems 7-2,text,true,,231,4,4,http://172.31.8.205:27474/db/data/transaction/commit,,17,ISO-8859-1,1,0,99214e63c6ae,0

1438775984811,25,Erstelle wsi,200,OK,Thread Group: getWorkspaceItems 7-4,text,true,,231,4,4,http://172.31.8.205:27474/db/data/transaction/commit,,25,ISO-8859-1,1,0,985aa859d74d,0

1438775984815,15,Erstelle wsi,200,OK,Thread Group: getWorkspaceItems 7-3,text,true,,231,4,4,http://172.31.8.205:27474/db/data/transaction/commit,,15,ISO-8859-1,1,0,985aa859d74d,0

1438775984824,14,Erstelle wsi,200,OK,Thread Group: getWorkspaceItems 7-4,text,true,,231,4,4,http://172.31.8.205:27474/db/data/transaction/commit,,14,ISO-8859-1,1,0,12ae572e559d,0

1438775984839,28,Erstelle wsi,200,OK,Thread Group: getWorkspaceItems 7-2,text,true,,231,4,4,http://172.31.8.205:27474/db/data/transaction/commit,,28,ISO-8859-1,1,0,99214e63c6ae,0

1438775984842,31,Erstelle wsi,200,OK,Thread Group: getWorkspaceItems 7-3,text,true,,231,4,4,http://172.31.8.205:27474/db/data/transaction/commit,,31,ISO-8859-1,1,0,12ae572e559d,0

1438775984845,14,Erstelle wsi,200,OK,Thread Group: getWorkspaceItems 7-4,text,true,,231,4,4,http://172.31.8.205:27474/db/data/transaction/commit,,14,ISO-8859-1,1,0,985aa859d74d,0

1438775984849,37,Erstelle wsi,200,OK,Thread Group: getWorkspaceItems 7-3,text,true,,231,4,4,http://172.31.8.205:27474/db/data/transaction/commit,,37,ISO-8859-1,1,0,99214e63c6ae,0

1438775984850,16,Erstelle wsi,200,OK,Thread Group: getWorkspaceItems 7-3,text,true,,231,4,4,http://172.31.8.205:27474/db/data/transaction/commit,,16,ISO-8859-1,1,0,985aa859d74d,0

1438775984856,17,Erstelle wsi,200,OK,Thread Group: getWorkspaceItems 7-1,text,true,,231,4,4,http://172.31.8.205:27474/db/data/transaction/commit,,17,ISO-8859-1,1,0,99214e63c6ae,0

1438775984856,30,Erstelle wsi,200,OK,Thread Group: getWorkspaceItems 7-4,text,true,,231,4,4,http://172.31.8.205:27474/db/data/transaction/commit,,30,ISO-8859-1,1,0,12ae572e559d,0

1438775984861,32,Erstelle wsi,200,OK,Thread Group: getWorkspaceItems 7-4,text,true,,231,4,4,http://172.31.8.205:27474/db/data/transaction/commit,,31,ISO-8859-1,1,0,99214e63c6ae,0

1438775984871,8,Erstelle wsi,200,OK,Thread Group: getWorkspaceItems 7-3,text,true,,231,4,4,http://172.31.8.205:27474/db/data/transaction/commit,,8,ISO-8859-1,1,0,985aa859d74d,0

1438775984885,7,Erstelle wsi,200,OK,Thread Group: getWorkspaceItems 7-3,text,true,,231,4,4,http://172.31.8.205:27474/db/data/transaction/commit,,7,ISO-8859-1,1,0,985aa859d74d,0

1438775984891,39,Erstelle wsi,200,OK,Thread Group: getWorkspaceItems 7-3,text,true,,231,4,4,http://172.31.8.205:27474/db/data/transaction/commit,,39,ISO-8859-1,1,0,12ae572e559d,0

1438775984896,16,Erstelle wsi,200,OK,Thread Group: getWorkspaceItems 7-2,text,true,,231,4,4,http://172.31.8.205:27474/db/data/transaction/commit,,15,ISO-8859-1,1,0,12ae572e559d,0

1438775984896,19,Erstelle wsi,200,OK,Thread Group: getWorkspaceItems 7-4,text,true,,231,4,4,http://172.31.8.205:27474/db/data/transaction/commit,,19,ISO-8859-1,1,0,12ae572e559d,0

1438775984897,8,Erstelle wsi,200,OK,Thread Group: getWorkspaceItems 7-3,text,true,,231,4,4,http://172.31.8.205:27474/db/data/transaction/commit,,8,ISO-8859-1,1,0,985aa859d74d,0

1438775984907,33,Erstelle wsi,200,OK,Thread Group: getWorkspaceItems 7-4,text,true,,231,4,4,http://172.31.8.205:27474/db/data/transaction/commit,,33,ISO-8859-1,1,0,99214e63c6ae,0

1438775984908,27,Erstelle wsi,200,OK,Thread Group: getWorkspaceItems 7-2,text,true,,231,4,4,http://172.31.8.205:27474/db/data/transaction/commit,,27,ISO-8859-1,1,0,99214e63c6ae,0

1438775984909,30,Erstelle wsi,200,OK,Thread Group: getWorkspaceItems 7-1,text,true,,231,4,4,http://172.31.8.205:27474/db/data/transaction/commit,,30,ISO-8859-1,1,0,12ae572e559d,0

1438775984911,11,Erstelle wsi,200,OK,Thread Group: getWorkspaceItems 7-4,text,true,,231,4,4,http://172.31.8.205:27474/db/data/transaction/commit,,11,ISO-8859-1,1,0,985aa859d74d,0

1438775984932,14,Erstelle wsi,200,OK,Thread Group: getWorkspaceItems 7-3,text,true,,231,4,4,http://172.31.8.205:27474/db/data/transaction/commit,,14,ISO-8859-1,1,0,99214e63c6ae,0

1438775984937,29,Erstelle wsi,200,OK,Thread Group: getWorkspaceItems 7-4,text,true,,231,4,4,http://172.31.8.205:27474/db/data/transaction/commit,,28,ISO-8859-1,1,0,12ae572e559d,0

1438775984943,18,Erstelle wsi,200,OK,Thread Group: getWorkspaceItems 7-3,text,true,,231,4,4,http://172.31.8.205:27474/db/data/transaction/commit,,18,ISO-8859-1,1,0,12ae572e559d,0

1438775984949,20,Erstelle wsi,200,OK,Thread Group: getWorkspaceItems 7-2,text,true,,231,4,4,http://172.31.8.205:27474/db/data/transaction/commit,,20,ISO-8859-1,1,0,99214e63c6ae,0

1438775984953,36,Erstelle wsi,200,OK,Thread Group: getWorkspaceItems 7-1,text,true,,231,4,4,http://172.31.8.205:27474/db/data/transaction/commit,,36,ISO-8859-1,1,0,99214e63c6ae,0

1438775984953,22,Erstelle wsi,200,OK,Thread Group: getWorkspaceItems 7-1,text,true,,231,4,4,http://172.31.8.205:27474/db/data/transaction/commit,,22,ISO-8859-1,1,0,12ae572e559d,0

1438775984958,24,Erstelle wsi,200,OK,Thread Group: getWorkspaceItems 7-3,text,true,,231,4,4,http://172.31.8.205:27474/db/data/transaction/commit,,24,ISO-8859-1,1,0,99214e63c6ae,0

1438775984964,14,Erstelle wsi,200,OK,Thread Group: getWorkspaceItems 7-3,text,true,,231,4,4,http://172.31.8.205:27474/db/data/transaction/commit,,14,ISO-8859-1,1,0,985aa859d74d,0

1438775984971,15,Erstelle wsi,200,OK,Thread Group: getWorkspaceItems 7-3,text,true,,231,4,4,http://172.31.8.205:27474/db/data/transaction/commit,,15,ISO-8859-1,1,0,12ae572e559d,0

1438775984974,13,Erstelle wsi,200,OK,Thread Group: getWorkspaceItems 7-4,text,true,,231,4,4,http://172.31.8.205:27474/db/data/transaction/commit,,13,ISO-8859-1,1,0,985aa859d74d,0

1438775984976,35,Erstelle wsi,200,OK,Thread Group: getWorkspaceItems 7-2,text,true,,231,4,4,http://172.31.8.205:27474/db/data/transaction/commit,,35,ISO-8859-1,1,0,985aa859d74d,0

1438775984977,31,Erstelle wsi,200,OK,Thread Group: getWorkspaceItems 7-1,text,true,,231,4,4,http://172.31.8.205:27474/db/data/transaction/commit,,31,ISO-8859-1,1,0,985aa859d74d,0

1438775984984,26,Erstelle wsi,200,OK,Thread Group: getWorkspaceItems 7-2,text,true,,231,4,4,http://172.31.8.205:27474/db/data/transaction/commit,,26,ISO-8859-1,1,0,99214e63c6ae,0

1438775984986,18,Erstelle wsi,200,OK,Thread Group: getWorkspaceItems 7-4,text,true,,231,4,4,http://172.31.8.205:27474/db/data/transaction/commit,,18,ISO-8859-1,1,0,99214e63c6ae,0

1438775984993,27,Erstelle wsi,200,OK,Thread Group: getWorkspaceItems 7-3,text,true,,231,4,4,http://172.31.8.205:27474/db/data/transaction/commit,,27,ISO-8859-1,1,0,99214e63c6ae,0

1438775984996,19,Erstelle wsi,200,OK,Thread Group: getWorkspaceItems 7-3,text,true,,231,4,4,http://172.31.8.205:27474/db/data/transaction/commit,,18,ISO-8859-1,1,0,985aa859d74d,0

1438775985000,29,Erstelle wsi,200,OK,Thread Group: getWorkspaceItems 7-4,text,true,,231,4,4,http://172.31.8.205:27474/db/data/transaction/commit,,29,ISO-8859-1,1,0,985aa859d74d,0

1438775985008,10,Erstelle wsi,200,OK,Thread Group: getWorkspaceItems 7-1,text,true,,231,4,4,http://172.31.8.205:27474/db/data/transaction/commit,,10,ISO-8859-1,1,0,12ae572e559d,0

1438775985011,19,Erstelle wsi,200,OK,Thread Group: getWorkspaceItems 7-1,text,true,,231,4,4,http://172.31.8.205:27474/db/data/transaction/commit,,19,ISO-8859-1,1,0,99214e63c6ae,0

1438775985017,42,Erstelle wsi,200,OK,Thread Group: getWorkspaceItems 7-4,text,true,,231,4,4,http://172.31.8.205:27474/db/data/transaction/commit,,42,ISO-8859-1,1,0,99214e63c6ae,0

1438775985023,7,Erstelle wsi,200,OK,Thread Group: getWorkspaceItems 7-1,text,true,,231,4,4,http://172.31.8.205:27474/db/data/transaction/commit,,7,ISO-8859-1,1,0,12ae572e559d,0

1438775985023,27,Erstelle wsi,200,OK,Thread Group: getWorkspaceItems 7-3,text,true,,231,4,4,http://172.31.8.205:27474/db/data/transaction/commit,,27,ISO-8859-1,1,0,985aa859d74d,0

1438775985024,30,Erstelle wsi,200,OK,Thread Group: getWorkspaceItems 7-1,text,true,,231,4,4,http://172.31.8.205:27474/db/data/transaction/commit,,30,ISO-8859-1,1,0,985aa859d74d,0

1438775985026,34,Erstelle wsi,200,OK,Thread Group: getWorkspaceItems 7-2,text,true,,231,4,4,http://172.31.8.205:27474/db/data/transaction/commit,,34,ISO-8859-1,1,0,985aa859d74d,0

1438775985031,37,Erstelle wsi,200,OK,Thread Group: getWorkspaceItems 7-3,text,true,,231,4,4,http://172.31.8.205:27474/db/data/transaction/commit,,37,ISO-8859-1,1,0,99214e63c6ae,0

1438775985037,17,Erstelle wsi,200,OK,Thread Group: getWorkspaceItems 7-1,text,true,,231,4,4,http://172.31.8.205:27474/db/data/transaction/commit,,16,ISO-8859-1,1,0,12ae572e559d,0

1438775985043,34,Erstelle wsi,200,OK,Thread Group: getWorkspaceItems 7-1,text,true,,231,4,4,http://172.31.8.205:27474/db/data/transaction/commit,,34,ISO-8859-1,1,0,99214e63c6ae,0

1438775985045,30,Erstelle wsi,200,OK,Thread Group: getWorkspaceItems 7-4,text,true,,231,4,4,http://172.31.8.205:27474/db/data/transaction/commit,,30,ISO-8859-1,1,0,985aa859d74d,0

1438775985058,14,Erstelle wsi,200,OK,Thread Group: getWorkspaceItems 7-2,text,true,,231,4,4,http://172.31.8.205:27474/db/data/transaction/commit,,14,ISO-8859-1,1,0,12ae572e559d,0

1438775985067,15,Erstelle wsi,200,OK,Thread Group: getWorkspaceItems 7-3,text,true,,231,4,4,http://172.31.8.205:27474/db/data/transaction/commit,,15,ISO-8859-1,1,0,985aa859d74d,0

1438775985068,16,Erstelle wsi,200,OK,Thread Group: getWorkspaceItems 7-1,text,true,,231,4,4,http://172.31.8.205:27474/db/data/transaction/commit,,16,ISO-8859-1,1,0,12ae572e559d,0

1438775985068,33,Erstelle wsi,200,OK,Thread Group: getWorkspaceItems 7-1,text,true,,231,4,4,http://172.31.8.205:27474/db/data/transaction/commit,,33,ISO-8859-1,1,0,985aa859d74d,0

1438775985072,32,Erstelle wsi,200,OK,Thread Group: getWorkspaceItems 7-2,text,true,,231,4,4,http://172.31.8.205:27474/db/data/transaction/commit,,32,ISO-8859-1,1,0,985aa859d74d,0

1438775985073,25,Erstelle wsi,200,OK,Thread Group: getWorkspaceItems 7-4,text,true,,231,4,4,http://172.31.8.205:27474/db/data/transaction/commit,,25,ISO-8859-1,1,0,99214e63c6ae,0

1438775985079,18,Erstelle wsi,200,OK,Thread Group: getWorkspaceItems 7-2,text,true,,231,4,4,http://172.31.8.205:27474/db/data/transaction/commit,,18,ISO-8859-1,1,0,12ae572e559d,0

1438775985087,23,Erstelle wsi,200,OK,Thread Group: getWorkspaceItems 7-4,text,true,,231,4,4,http://172.31.8.205:27474/db/data/transaction/commit,,23,ISO-8859-1,1,0,985aa859d74d,0

1438775985097,44,Erstelle wsi,200,OK,Thread Group: getWorkspaceItems 7-3,text,true,,231,4,4,http://172.31.8.205:27474/db/data/transaction/commit,,44,ISO-8859-1,1,0,985aa859d74d,0

1438775985104,16,Erstelle wsi,200,OK,Thread Group: getWorkspaceItems 7-4,text,true,,231,4,4,http://172.31.8.205:27474/db/data/transaction/commit,,16,ISO-8859-1,1,0,12ae572e559d,0

1438775985106,18,Erstelle wsi,200,OK,Thread Group: getWorkspaceItems 7-2,text,true,,231,4,4,http://172.31.8.205:27474/db/data/transaction/commit,,18,ISO-8859-1,1,0,12ae572e559d,0

1438775985113,38,Erstelle wsi,200,OK,Thread Group: getWorkspaceItems 7-1,text,true,,231,4,4,http://172.31.8.205:27474/db/data/transaction/commit,,38,ISO-8859-1,1,0,985aa859d74d,0

1438775985117,25,Erstelle wsi,200,OK,Thread Group: getWorkspaceItems 7-3,text,true,,231,4,4,http://172.31.8.205:27474/db/data/transaction/commit,,25,ISO-8859-1,1,0,12ae572e559d,0

1438775985129,17,Erstelle wsi,200,OK,Thread Group: getWorkspaceItems 7-2,text,true,,231,4,4,http://172.31.8.205:27474/db/data/transaction/commit,,17,ISO-8859-1,1,0,985aa859d74d,0

1438775985132,26,Erstelle wsi,200,OK,Thread Group: getWorkspaceItems 7-4,text,true,,231,4,4,http://172.31.8.205:27474/db/data/transaction/commit,,26,ISO-8859-1,1,0,985aa859d74d,0

1438775985139,17,Erstelle wsi,200,OK,Thread Group: getWorkspaceItems 7-2,text,true,,231,4,4,http://172.31.8.205:27474/db/data/transaction/commit,,17,ISO-8859-1,1,0,12ae572e559d,0

1438775985139,23,Erstelle wsi,200,OK,Thread Group: getWorkspaceItems 7-4,text,true,,231,4,4,http://172.31.8.205:27474/db/data/transaction/commit,,23,ISO-8859-1,1,0,12ae572e559d,0

1438775985139,9,Erstelle wsi,200,OK,Thread Group: getWorkspaceItems 7-3,text,true,,231,4,4,http://172.31.8.205:27474/db/data/transaction/commit,,9,ISO-8859-1,1,0,99214e63c6ae,0

1438775985157,29,Erstelle wsi,200,OK,Thread Group: getWorkspaceItems 7-3,text,true,,231,4,4,http://172.31.8.205:27474/db/data/transaction/commit,,29,ISO-8859-1,1,0,12ae572e559d,0

1438775985159,20,Erstelle wsi,200,OK,Thread Group: getWorkspaceItems 7-2,text,true,,231,4,4,http://172.31.8.205:27474/db/data/transaction/commit,,20,ISO-8859-1,1,0,985aa859d74d,0

1438775985160,13,Erstelle wsi,200,OK,Thread Group: getWorkspaceItems 7-3,text,true,,231,4,4,http://172.31.8.205:27474/db/data/transaction/commit,,13,ISO-8859-1,1,0,985aa859d74d,0

1438775985165,18,Erstelle wsi,200,OK,Thread Group: getWorkspaceItems 7-1,text,true,,231,4,4,http://172.31.8.205:27474/db/data/transaction/commit,,18,ISO-8859-1,1,0,985aa859d74d,0

1438775985166,28,Erstelle wsi,200,OK,Thread Group: getWorkspaceItems 7-1,text,true,,231,4,4,http://172.31.8.205:27474/db/data/transaction/commit,,28,ISO-8859-1,1,0,12ae572e559d,0

1438775985170,18,Erstelle wsi,200,OK,Thread Group: getWorkspaceItems 7-2,text,true,,231,4,4,http://172.31.8.205:27474/db/data/transaction/commit,,18,ISO-8859-1,1,0,12ae572e559d,0

1438775985172,12,Erstelle wsi,200,OK,Thread Group: getWorkspaceItems 7-1,text,true,,231,4,4,http://172.31.8.205:27474/db/data/transaction/commit,,12,ISO-8859-1,1,0,99214e63c6ae,0

1438775985173,39,Erstelle wsi,200,OK,Thread Group: getWorkspaceItems 7-4,text,true,,231,4,4,http://172.31.8.205:27474/db/data/transaction/commit,,39,ISO-8859-1,1,0,12ae572e559d,0

1438775985183,12,Erstelle wsi,200,OK,Thread Group: getWorkspaceItems 7-2,text,true,,231,4,4,http://172.31.8.205:27474/db/data/transaction/commit,,12,ISO-8859-1,1,0,99214e63c6ae,0

1438775985191,13,Erstelle wsi,200,OK,Thread Group: getWorkspaceItems 7-1,text,true,,231,4,4,http://172.31.8.205:27474/db/data/transaction/commit,,13,ISO-8859-1,1,0,99214e63c6ae,0

1438775985194,29,Erstelle wsi,200,OK,Thread Group: getWorkspaceItems 7-1,text,true,,231,4,4,http://172.31.8.205:27474/db/data/transaction/commit,,29,ISO-8859-1,1,0,985aa859d74d,0

1438775985198,17,Erstelle wsi,200,OK,Thread Group: getWorkspaceItems 7-2,text,true,,231,4,4,http://172.31.8.205:27474/db/data/transaction/commit,,17,ISO-8859-1,1,0,12ae572e559d,0

1438775985199,18,Erstelle wsi,200,OK,Thread Group: getWorkspaceItems 7-3,text,true,,231,4,4,http://172.31.8.205:27474/db/data/transaction/commit,,18,ISO-8859-1,1,0,12ae572e559d,0

1438775985199,32,Erstelle wsi,200,OK,Thread Group: getWorkspaceItems 7-2,text,true,,231,4,4,http://172.31.8.205:27474/db/data/transaction/commit,,32,ISO-8859-1,1,0,985aa859d74d,0

1438775985202,11,Erstelle wsi,200,OK,Thread Group: getWorkspaceItems 7-2,text,true,,231,4,4,http://172.31.8.205:27474/db/data/transaction/commit,,10,ISO-8859-1,1,0,99214e63c6ae,0

1438775985210,27,Erstelle wsi,200,OK,Thread Group: getWorkspaceItems 7-1,text,true,,231,4,4,http://172.31.8.205:27474/db/data/transaction/commit,,26,ISO-8859-1,1,0,12ae572e559d,0

1438775985212,11,Erstelle wsi,200,OK,Thread Group: getWorkspaceItems 7-1,text,true,,231,4,4,http://172.31.8.205:27474/db/data/transaction/commit,,11,ISO-8859-1,1,0,99214e63c6ae,0

1438775985219,27,Erstelle wsi,200,OK,Thread Group: getWorkspaceItems 7-3,text,true,,231,4,4,http://172.31.8.205:27474/db/data/transaction/commit,,27,ISO-8859-1,1,0,99214e63c6ae,0

1438775985224,34,Erstelle wsi,200,OK,Thread Group: getWorkspaceItems 7-4,text,true,,231,4,4,http://172.31.8.205:27474/db/data/transaction/commit,,34,ISO-8859-1,1,0,12ae572e559d,0

1438775985224,11,Erstelle wsi,200,OK,Thread Group: getWorkspaceItems 7-2,text,true,,231,4,4,http://172.31.8.205:27474/db/data/transaction/commit,,11,ISO-8859-1,1,0,99214e63c6ae,0

1438775985229,26,Erstelle wsi,200,OK,Thread Group: getWorkspaceItems 7-3,text,true,,231,4,4,http://172.31.8.205:27474/db/data/transaction/commit,,26,ISO-8859-1,1,0,12ae572e559d,0

1438775985246,18,Erstelle wsi,200,OK,Thread Group: getWorkspaceItems 7-3,text,true,,231,4,4,http://172.31.8.205:27474/db/data/transaction/commit,,18,ISO-8859-1,1,0,985aa859d74d,0

1438775985251,24,Erstelle wsi,200,OK,Thread Group: getWorkspaceItems 7-2,text,true,,231,4,4,http://172.31.8.205:27474/db/data/transaction/commit,,24,ISO-8859-1,1,0,99214e63c6ae,0

1438775985255,18,Erstelle wsi,200,OK,Thread Group: getWorkspaceItems 7-4,text,true,,231,4,4,http://172.31.8.205:27474/db/data/transaction/commit,,18,ISO-8859-1,1,0,99214e63c6ae,0

1438775985256,21,Erstelle wsi,200,OK,Thread Group: getWorkspaceItems 7-1,text,true,,231,4,4,http://172.31.8.205:27474/db/data/transaction/commit,,21,ISO-8859-1,1,0,12ae572e559d,0

1438775985256,16,Erstelle wsi,200,OK,Thread Group: getWorkspaceItems 7-4,text,true,,231,4,4,http://172.31.8.205:27474/db/data/transaction/commit,,16,ISO-8859-1,1,0,985aa859d74d,0

1438775985265,23,Erstelle wsi,200,OK,Thread Group: getWorkspaceItems 7-3,text,true,,231,4,4,http://172.31.8.205:27474/db/data/transaction/commit,,23,ISO-8859-1,1,0,99214e63c6ae,0

1438775985269,16,Erstelle wsi,200,OK,Thread Group: getWorkspaceItems 7-3,text,true,,231,4,4,http://172.31.8.205:27474/db/data/transaction/commit,,16,ISO-8859-1,1,0,12ae572e559d,0

1438775985274,17,Erstelle wsi,200,OK,Thread Group: getWorkspaceItems 7-4,text,true,,231,4,4,http://172.31.8.205:27474/db/data/transaction/commit,,17,ISO-8859-1,1,0,12ae572e559d,0

1438775985288,19,Erstelle wsi,200,OK,Thread Group: getWorkspaceItems 7-2,text,true,,231,4,4,http://172.31.8.205:27474/db/data/transaction/commit,,19,ISO-8859-1,1,0,99214e63c6ae,0

1438775985289,24,Erstelle wsi,200,OK,Thread Group: getWorkspaceItems 7-1,text,true,,231,4,4,http://172.31.8.205:27474/db/data/transaction/commit,,24,ISO-8859-1,1,0,12ae572e559d,0

1438775985291,20,Erstelle wsi,200,OK,Thread Group: getWorkspaceItems 7-3,text,true,,231,4,4,http://172.31.8.205:27474/db/data/transaction/commit,,20,ISO-8859-1,1,0,985aa859d74d,0

1438775985292,37,Erstelle wsi,200,OK,Thread Group: getWorkspaceItems 7-4,text,true,,231,4,4,http://172.31.8.205:27474/db/data/transaction/commit,,37,ISO-8859-1,1,0,99214e63c6ae,0

1438775985292,26,Erstelle wsi,200,OK,Thread Group: getWorkspaceItems 7-4,text,true,,231,4,4,http://172.31.8.205:27474/db/data/transaction/commit,,25,ISO-8859-1,1,0,985aa859d74d,0

1438775985298,21,Erstelle wsi,200,OK,Thread Group: getWorkspaceItems 7-1,text,true,,231,4,4,http://172.31.8.205:27474/db/data/transaction/commit,,21,ISO-8859-1,1,0,99214e63c6ae,0

1438775985304,27,Erstelle wsi,200,OK,Thread Group: getWorkspaceItems 7-4,text,true,,231,4,4,http://172.31.8.205:27474/db/data/transaction/commit,,27,ISO-8859-1,1,0,12ae572e559d,0

1438775985305,31,Erstelle wsi,200,OK,Thread Group: getWorkspaceItems 7-3,text,true,,231,4,4,http://172.31.8.205:27474/db/data/transaction/commit,,31,ISO-8859-1,1,0,99214e63c6ae,0

1438775985309,40,Erstelle wsi,200,OK,Thread Group: getWorkspaceItems 7-3,text,true,,231,4,4,http://172.31.8.205:27474/db/data/transaction/commit,,40,ISO-8859-1,1,0,12ae572e559d,0

1438775985318,18,Erstelle wsi,200,OK,Thread Group: getWorkspaceItems 7-3,text,true,,231,4,4,http://172.31.8.205:27474/db/data/transaction/commit,,18,ISO-8859-1,1,0,985aa859d74d,0

1438775985321,19,Erstelle wsi,200,OK,Thread Group: getWorkspaceItems 7-1,text,true,,231,4,4,http://172.31.8.205:27474/db/data/transaction/commit,,18,ISO-8859-1,1,0,985aa859d74d,0

1438775985325,23,Erstelle wsi,200,OK,Thread Group: getWorkspaceItems 7-2,text,true,,231,4,4,http://172.31.8.205:27474/db/data/transaction/commit,,23,ISO-8859-1,1,0,99214e63c6ae,0

1438775985326,31,Erstelle wsi,200,OK,Thread Group: getWorkspaceItems 7-1,text,true,,231,4,4,http://172.31.8.205:27474/db/data/transaction/commit,,31,ISO-8859-1,1,0,12ae572e559d,0

1438775985328,40,Erstelle wsi,200,OK,Thread Group: getWorkspaceItems 7-1,text,true,,231,4,4,http://172.31.8.205:27474/db/data/transaction/commit,,40,ISO-8859-1,1,0,99214e63c6ae,0

1438775985330,18,Erstelle wsi,200,OK,Thread Group: getWorkspaceItems 7-4,text,true,,231,4,4,http://172.31.8.205:27474/db/data/transaction/commit,,18,ISO-8859-1,1,0,985aa859d74d,0

1438775985337,24,Erstelle wsi,200,OK,Thread Group: getWorkspaceItems 7-2,text,true,,231,4,4,http://172.31.8.205:27474/db/data/transaction/commit,,24,ISO-8859-1,1,0,12ae572e559d,0

1438775985344,14,Erstelle wsi,200,OK,Thread Group: getWorkspaceItems 7-4,text,true,,231,4,4,http://172.31.8.205:27474/db/data/transaction/commit,,14,ISO-8859-1,1,0,99214e63c6ae,0

1438775985349,40,Erstelle wsi,200,OK,Thread Group: getWorkspaceItems 7-3,text,true,,231,4,4,http://172.31.8.205:27474/db/data/transaction/commit,,40,ISO-8859-1,1,0,99214e63c6ae,0

1438775985350,13,Erstelle wsi,200,OK,Thread Group: getWorkspaceItems 7-1,text,true,,231,4,4,http://172.31.8.205:27474/db/data/transaction/commit,,13,ISO-8859-1,1,0,985aa859d74d,0

1438775985352,15,Erstelle wsi,200,OK,Thread Group: getWorkspaceItems 7-3,text,true,,231,4,4,http://172.31.8.205:27474/db/data/transaction/commit,,15,ISO-8859-1,1,0,985aa859d74d,0

1438775985354,16,Erstelle wsi,200,OK,Thread Group: getWorkspaceItems 7-4,text,true,,231,4,4,http://172.31.8.205:27474/db/data/transaction/commit,,16,ISO-8859-1,1,0,985aa859d74d,0

1438775985361,17,Erstelle wsi,200,OK,Thread Group: getWorkspaceItems 7-2,text,true,,231,4,4,http://172.31.8.205:27474/db/data/transaction/commit,,17,ISO-8859-1,1,0,985aa859d74d,0

1438775985369,29,Erstelle wsi,200,OK,Thread Group: getWorkspaceItems 7-4,text,true,,231,4,4,http://172.31.8.205:27474/db/data/transaction/commit,,29,ISO-8859-1,1,0,99214e63c6ae,0

1438775985370,23,Erstelle wsi,200,OK,Thread Group: getWorkspaceItems 7-2,text,true,,231,4,4,http://172.31.8.205:27474/db/data/transaction/commit,,23,ISO-8859-1,1,0,12ae572e559d,0

1438775985370,14,Erstelle wsi,200,OK,Thread Group: getWorkspaceItems 7-1,text,true,,231,4,4,http://172.31.8.205:27474/db/data/transaction/commit,,14,ISO-8859-1,1,0,985aa859d74d,0

1438775985372,13,Erstelle wsi,200,OK,Thread Group: getWorkspaceItems 7-1,text,true,,231,4,4,http://172.31.8.205:27474/db/data/transaction/commit,,12,ISO-8859-1,1,0,12ae572e559d,0

1438775985373,18,Erstelle wsi,200,OK,Thread Group: getWorkspaceItems 7-3,text,true,,231,4,4,http://172.31.8.205:27474/db/data/transaction/commit,,18,ISO-8859-1,1,0,985aa859d74d,0

1438775985377,10,Erstelle wsi,200,OK,Thread Group: getWorkspaceItems 7-4,text,true,,231,4,4,http://172.31.8.205:27474/db/data/transaction/commit,,10,ISO-8859-1,1,0,985aa859d74d,0

1438775985382,14,Erstelle wsi,200,OK,Thread Group: getWorkspaceItems 7-2,text,true,,231,4,4,http://172.31.8.205:27474/db/data/transaction/commit,,14,ISO-8859-1,1,0,985aa859d74d,0

1438775985391,25,Erstelle wsi,200,OK,Thread Group: getWorkspaceItems 7-1,text,true,,231,4,4,http://172.31.8.205:27474/db/data/transaction/commit,,25,ISO-8859-1,1,0,99214e63c6ae,0

1438775985409,17,Erstelle wsi,200,OK,Thread Group: getWorkspaceItems 7-3,text,true,,231,4,4,http://172.31.8.205:27474/db/data/transaction/commit,,17,ISO-8859-1,1,0,99214e63c6ae,0

1438775985410,15,Erstelle wsi,200,OK,Thread Group: getWorkspaceItems 7-2,text,true,,231,3,3,http://172.31.8.205:27474/db/data/transaction/commit,,15,ISO-8859-1,1,0,12ae572e559d,0

1438775985412,32,Erstelle wsi,200,OK,Thread Group: getWorkspaceItems 7-4,text,true,,231,4,4,http://172.31.8.205:27474/db/data/transaction/commit,,32,ISO-8859-1,1,0,99214e63c6ae,0

1438775985414,15,Erstelle wsi,200,OK,Thread Group: getWorkspaceItems 7-4,text,true,,231,3,3,http://172.31.8.205:27474/db/data/transaction/commit,,15,ISO-8859-1,1,0,12ae572e559d,0

1438775985433,20,Erstelle wsi,200,OK,Thread Group: getWorkspaceItems 7-1,text,true,,231,4,4,http://172.31.8.205:27474/db/data/transaction/commit,,20,ISO-8859-1,1,0,99214e63c6ae,0

1438775985437,20,Erstelle wsi,200,OK,Thread Group: getWorkspaceItems 7-2,text,true,,231,3,3,http://172.31.8.205:27474/db/data/transaction/commit,,20,ISO-8859-1,1,0,12ae572e559d,0

1438775985438,15,Erstelle wsi,200,OK,Thread Group: getWorkspaceItems 7-4,text,true,,231,3,3,http://172.31.8.205:27474/db/data/transaction/commit,,15,ISO-8859-1,1,0,12ae572e559d,0

1438775985443,27,Erstelle wsi,200,OK,Thread Group: getWorkspaceItems 7-3,text,true,,231,4,4,http://172.31.8.205:27474/db/data/transaction/commit,,27,ISO-8859-1,1,0,99214e63c6ae,0

1438775985445,26,Erstelle wsi,200,OK,Thread Group: getWorkspaceItems 7-2,text,true,,231,4,4,http://172.31.8.205:27474/db/data/transaction/commit,,26,ISO-8859-1,1,0,985aa859d74d,0

1438775985446,21,Erstelle wsi,200,OK,Thread Group: getWorkspaceItems 7-2,text,true,,231,4,4,http://172.31.8.205:27474/db/data/transaction/commit,,21,ISO-8859-1,1,0,99214e63c6ae,0

1438775985462,14,Erstelle wsi,200,OK,Thread Group: getWorkspaceItems 7-4,text,true,,231,3,3,http://172.31.8.205:27474/db/data/transaction/commit,,14,ISO-8859-1,1,0,12ae572e559d,0

1438775985467,26,Erstelle wsi,200,OK,Thread Group: getWorkspaceItems 7-4,text,true,,231,4,4,http://172.31.8.205:27474/db/data/transaction/commit,,26,ISO-8859-1,1,0,99214e63c6ae,0

1438775985475,25,Erstelle wsi,200,OK,Thread Group: getWorkspaceItems 7-1,text,true,,231,4,4,http://172.31.8.205:27474/db/data/transaction/commit,,25,ISO-8859-1,1,0,99214e63c6ae,0

1438775985481,8,Erstelle wsi,200,OK,Thread Group: getWorkspaceItems 7-2,text,true,,231,4,4,http://172.31.8.205:27474/db/data/transaction/commit,,8,ISO-8859-1,1,0,985aa859d74d,0

1438775985487,23,Erstelle wsi,200,OK,Thread Group: getWorkspaceItems 7-2,text,true,,231,4,4,http://172.31.8.205:27474/db/data/transaction/commit,,23,ISO-8859-1,1,0,99214e63c6ae,0

1438775985495,9,Erstelle wsi,200,OK,Thread Group: getWorkspaceItems 7-3,text,true,,231,4,4,http://172.31.8.205:27474/db/data/transaction/commit,,9,ISO-8859-1,1,0,985aa859d74d,0

1438775985496,13,Erstelle wsi,200,OK,Thread Group: getWorkspaceItems 7-1,text,true,,231,4,4,http://172.31.8.205:27474/db/data/transaction/commit,,13,ISO-8859-1,1,0,985aa859d74d,0

1438775985496,16,Erstelle wsi,200,OK,Thread Group: getWorkspaceItems 7-4,text,true,,231,4,4,http://172.31.8.205:27474/db/data/transaction/commit,,16,ISO-8859-1,1,0,985aa859d74d,0

1438775985504,10,Erstelle wsi,200,OK,Thread Group: getWorkspaceItems 7-2,text,true,,231,4,4,http://172.31.8.205:27474/db/data/transaction/commit,,10,ISO-8859-1,1,0,985aa859d74d,0

1438775985516,22,Erstelle wsi,200,OK,Thread Group: getWorkspaceItems 7-1,text,true,,231,4,4,http://172.31.8.205:27474/db/data/transaction/commit,,22,ISO-8859-1,1,0,99214e63c6ae,0

1438775985517,13,Erstelle wsi,200,OK,Thread Group: getWorkspaceItems 7-1,text,true,,231,4,4,http://172.31.8.205:27474/db/data/transaction/commit,,13,ISO-8859-1,1,0,985aa859d74d,0

1438775985521,13,Erstelle wsi,200,OK,Thread Group: getWorkspaceItems 7-2,text,true,,231,4,4,http://172.31.8.205:27474/db/data/transaction/commit,,13,ISO-8859-1,1,0,985aa859d74d,0

1438775985528,20,Erstelle wsi,200,OK,Thread Group: getWorkspaceItems 7-2,text,true,,231,4,4,http://172.31.8.205:27474/db/data/transaction/commit,,20,ISO-8859-1,1,0,99214e63c6ae,0

1438775985537,17,Erstelle wsi,200,OK,Thread Group: getWorkspaceItems 7-1,text,true,,231,4,4,http://172.31.8.205:27474/db/data/transaction/commit,,17,ISO-8859-1,1,0,985aa859d74d,0

1438775985563,11,Erstelle wsi,200,OK,Thread Group: getWorkspaceItems 7-2,text,true,,231,3,3,http://172.31.8.205:27474/db/data/transaction/commit,,11,ISO-8859-1,1,0,99214e63c6ae,0

1438775985590,16,Erstelle wsi,200,OK,Thread Group: getWorkspaceItems 7-2,text,true,,231,3,3,http://172.31.8.205:27474/db/data/transaction/commit,,16,ISO-8859-1,1,0,99214e63c6ae,0

1438775985593,8,Erstelle wsi,200,OK,Thread Group: getWorkspaceItems 7-3,text,true,,231,3,3,http://172.31.8.205:27474/db/data/transaction/commit,,8,ISO-8859-1,1,0,12ae572e559d,0

1438775985595,8,Erstelle wsi,200,OK,Thread Group: getWorkspaceItems 7-4,text,true,,231,3,3,http://172.31.8.205:27474/db/data/transaction/commit,,8,ISO-8859-1,1,0,12ae572e559d,0

1438775985597,12,Erstelle wsi,200,OK,Thread Group: getWorkspaceItems 7-3,text,true,,231,3,3,http://172.31.8.205:27474/db/data/transaction/commit,,12,ISO-8859-1,1,0,99214e63c6ae,0

1438775985601,16,Erstelle wsi,200,OK,Thread Group: getWorkspaceItems 7-2,text,true,,231,3,3,http://172.31.8.205:27474/db/data/transaction/commit,,16,ISO-8859-1,1,0,985aa859d74d,0

1438775985606,13,Erstelle wsi,200,OK,Thread Group: getWorkspaceItems 7-2,text,true,,231,3,3,http://172.31.8.205:27474/db/data/transaction/commit,,13,ISO-8859-1,1,0,12ae572e559d,0

1438775985608,33,Erstelle wsi,200,OK,Thread Group: getWorkspaceItems 7-3,text,true,,231,3,3,http://172.31.8.205:27474/db/data/transaction/commit,,33,ISO-8859-1,1,0,12ae572e559d,0

1438775985612,12,Erstelle wsi,200,OK,Thread Group: getWorkspaceItems 7-2,text,true,,231,3,3,http://172.31.8.205:27474/db/data/transaction/commit,,12,ISO-8859-1,1,0,99214e63c6ae,0

1438775985613,12,Erstelle wsi,200,OK,Thread Group: getWorkspaceItems 7-4,text,true,,231,3,3,http://172.31.8.205:27474/db/data/transaction/commit,,12,ISO-8859-1,1,0,12ae572e559d,0

1438775985624,10,Erstelle wsi,200,OK,Thread Group: getWorkspaceItems 7-2,text,true,,231,3,3,http://172.31.8.205:27474/db/data/transaction/commit,,10,ISO-8859-1,1,0,985aa859d74d,0

1438775985637,14,Erstelle wsi,200,OK,Thread Group: getWorkspaceItems 7-4,text,true,,231,3,3,http://172.31.8.205:27474/db/data/transaction/commit,,14,ISO-8859-1,1,0,985aa859d74d,0

1438775985640,10,Erstelle wsi,200,OK,Thread Group: getWorkspaceItems 7-2,text,true,,231,3,3,http://172.31.8.205:27474/db/data/transaction/commit,,10,ISO-8859-1,1,0,12ae572e559d,0

1438775985641,25,Erstelle wsi,200,OK,Thread Group: getWorkspaceItems 7-3,text,true,,231,3,3,http://172.31.8.205:27474/db/data/transaction/commit,,25,ISO-8859-1,1,0,985aa859d74d,0

1438775985644,24,Erstelle wsi,200,OK,Thread Group: getWorkspaceItems 7-2,text,true,,231,3,3,http://172.31.8.205:27474/db/data/transaction/commit,,24,ISO-8859-1,1,0,985aa859d74d,0

1438775985649,12,Erstelle wsi,200,OK,Thread Group: getWorkspaceItems 7-4,text,true,,231,3,3,http://172.31.8.205:27474/db/data/transaction/commit,,12,ISO-8859-1,1,0,12ae572e559d,0

1438775985654,10,Erstelle wsi,200,OK,Thread Group: getWorkspaceItems 7-3,text,true,,231,3,3,http://172.31.8.205:27474/db/data/transaction/commit,,10,ISO-8859-1,1,0,12ae572e559d,0

1438775985661,20,Erstelle wsi,200,OK,Thread Group: getWorkspaceItems 7-4,text,true,,231,3,3,http://172.31.8.205:27474/db/data/transaction/commit,,20,ISO-8859-1,1,0,985aa859d74d,0

1438775985672,12,Erstelle wsi,200,OK,Thread Group: getWorkspaceItems 7-3,text,true,,231,3,3,http://172.31.8.205:27474/db/data/transaction/commit,,12,ISO-8859-1,1,0,12ae572e559d,0

1438775985673,22,Erstelle wsi,200,OK,Thread Group: getWorkspaceItems 7-3,text,true,,231,3,3,http://172.31.8.205:27474/db/data/transaction/commit,,22,ISO-8859-1,1,0,985aa859d74d,0

1438775985676,16,Erstelle wsi,200,OK,Thread Group: getWorkspaceItems 7-2,text,true,,231,3,3,http://172.31.8.205:27474/db/data/transaction/commit,,16,ISO-8859-1,1,0,985aa859d74d,0

1438775985692,9,Erstelle wsi,200,OK,Thread Group: getWorkspaceItems 7-4,text,true,,231,3,3,http://172.31.8.205:27474/db/data/transaction/commit,,9,ISO-8859-1,1,0,985aa859d74d,0

1438775985701,11,Erstelle wsi,200,OK,Thread Group: getWorkspaceItems 7-3,text,true,,231,3,3,http://172.31.8.205:27474/db/data/transaction/commit,,11,ISO-8859-1,1,0,12ae572e559d,0

1438775985702,24,Erstelle wsi,200,OK,Thread Group: getWorkspaceItems 7-2,text,true,,231,3,3,http://172.31.8.205:27474/db/data/transaction/commit,,24,ISO-8859-1,1,0,985aa859d74d,0

1438775985705,12,Erstelle wsi,200,OK,Thread Group: getWorkspaceItems 7-3,text,true,,231,3,3,http://172.31.8.205:27474/db/data/transaction/commit,,12,ISO-8859-1,1,0,985aa859d74d,0

1438775985707,16,Erstelle wsi,200,OK,Thread Group: getWorkspaceItems 7-4,text,true,,231,3,3,http://172.31.8.205:27474/db/data/transaction/commit,,16,ISO-8859-1,1,0,985aa859d74d,0

1438775985725,17,Erstelle wsi,200,OK,Thread Group: getWorkspaceItems 7-3,text,true,,231,3,3,http://172.31.8.205:27474/db/data/transaction/commit,,16,ISO-8859-1,1,0,12ae572e559d,0

1438775985732,12,Erstelle wsi,200,OK,Thread Group: getWorkspaceItems 7-3,text,true,,231,3,3,http://172.31.8.205:27474/db/data/transaction/commit,,12,ISO-8859-1,1,0,985aa859d74d,0

1438775985732,20,Erstelle wsi,200,OK,Thread Group: getWorkspaceItems 7-2,text,true,,231,3,3,http://172.31.8.205:27474/db/data/transaction/commit,,20,ISO-8859-1,1,0,985aa859d74d,0

1438775985733,8,Erstelle wsi,200,OK,Thread Group: getWorkspaceItems 7-3,text,true,,231,3,3,http://172.31.8.205:27474/db/data/transaction/commit,,8,ISO-8859-1,1,0,99214e63c6ae,0

1438775985734,10,Erstelle wsi,200,OK,Thread Group: getWorkspaceItems 7-4,text,true,,231,3,3,http://172.31.8.205:27474/db/data/transaction/commit,,10,ISO-8859-1,1,0,99214e63c6ae,0

1438775985741,17,Erstelle wsi,200,OK,Thread Group: getWorkspaceItems 7-4,text,true,,231,3,3,http://172.31.8.205:27474/db/data/transaction/commit,,17,ISO-8859-1,1,0,985aa859d74d,0

1438775985754,27,Erstelle wsi,200,OK,Thread Group: getWorkspaceItems 7-2,text,true,,231,3,3,http://172.31.8.205:27474/db/data/transaction/commit,,27,ISO-8859-1,1,0,12ae572e559d,0

1438775985755,11,Erstelle wsi,200,OK,Thread Group: getWorkspaceItems 7-3,text,true,,231,2,2,http://172.31.8.205:27474/db/data/transaction/commit,,11,ISO-8859-1,1,0,985aa859d74d,0

1438775985755,21,Erstelle wsi,200,OK,Thread Group: getWorkspaceItems 7-4,text,true,,231,3,3,http://172.31.8.205:27474/db/data/transaction/commit,,21,ISO-8859-1,1,0,99214e63c6ae,0

1438775985757,16,Erstelle wsi,200,OK,Thread Group: getWorkspaceItems 7-3,text,true,,231,3,3,http://172.31.8.205:27474/db/data/transaction/commit,,15,ISO-8859-1,1,0,99214e63c6ae,0

1438775985764,9,Erstelle wsi,200,OK,Thread Group: getWorkspaceItems 7-4,text,true,,231,2,2,http://172.31.8.205:27474/db/data/transaction/commit,,8,ISO-8859-1,1,0,985aa859d74d,0

1438775985771,13,Erstelle wsi,200,OK,Thread Group: getWorkspaceItems 7-4,text,true,,231,3,3,http://172.31.8.205:27474/db/data/transaction/commit,,13,ISO-8859-1,1,0,12ae572e559d,0

1438775985772,12,Erstelle wsi,200,OK,Thread Group: getWorkspaceItems 7-3,text,true,,231,2,2,http://172.31.8.205:27474/db/data/transaction/commit,,12,ISO-8859-1,1,0,985aa859d74d,0

1438775985783,12,Erstelle wsi,200,OK,Thread Group: getWorkspaceItems 7-3,text,true,,231,3,3,http://172.31.8.205:27474/db/data/transaction/commit,,12,ISO-8859-1,1,0,99214e63c6ae,0

1438775985785,14,Erstelle wsi,200,OK,Thread Group: getWorkspaceItems 7-4,text,true,,231,3,3,http://172.31.8.205:27474/db/data/transaction/commit,,14,ISO-8859-1,1,0,99214e63c6ae,0

1438775985788,13,Erstelle wsi,200,OK,Thread Group: getWorkspaceItems 7-2,text,true,,231,3,3,http://172.31.8.205:27474/db/data/transaction/commit,,13,ISO-8859-1,1,0,12ae572e559d,0

1438775985789,20,Erstelle wsi,200,OK,Thread Group: getWorkspaceItems 7-4,text,true,,231,3,3,http://172.31.8.205:27474/db/data/transaction/commit,,20,ISO-8859-1,1,0,12ae572e559d,0

1438775985801,17,Erstelle wsi,200,OK,Thread Group: getWorkspaceItems 7-2,text,true,,231,3,3,http://172.31.8.205:27474/db/data/transaction/commit,,17,ISO-8859-1,1,0,99214e63c6ae,0

1438775985805,10,Erstelle wsi,200,OK,Thread Group: getWorkspaceItems 7-3,text,true,,231,3,3,http://172.31.8.205:27474/db/data/transaction/commit,,10,ISO-8859-1,1,0,99214e63c6ae,0

1438775985807,14,Erstelle wsi,200,OK,Thread Group: getWorkspaceItems 7-4,text,true,,231,3,3,http://172.31.8.205:27474/db/data/transaction/commit,,14,ISO-8859-1,1,0,99214e63c6ae,0

1438775985811,10,Erstelle wsi,200,OK,Thread Group: getWorkspaceItems 7-2,text,true,,231,3,3,http://172.31.8.205:27474/db/data/transaction/commit,,10,ISO-8859-1,1,0,12ae572e559d,0

1438775985812,23,Erstelle wsi,200,OK,Thread Group: getWorkspaceItems 7-3,text,true,,231,3,3,http://172.31.8.205:27474/db/data/transaction/commit,,23,ISO-8859-1,1,0,12ae572e559d,0

1438775985818,13,Erstelle wsi,200,OK,Thread Group: getWorkspaceItems 7-4,text,true,,231,3,3,http://172.31.8.205:27474/db/data/transaction/commit,,13,ISO-8859-1,1,0,12ae572e559d,0

1438775985826,10,Erstelle wsi,200,OK,Thread Group: getWorkspaceItems 7-3,text,true,,231,3,3,http://172.31.8.205:27474/db/data/transaction/commit,,10,ISO-8859-1,1,0,99214e63c6ae,0

1438775985828,14,Erstelle wsi,200,OK,Thread Group: getWorkspaceItems 7-2,text,true,,231,3,3,http://172.31.8.205:27474/db/data/transaction/commit,,14,ISO-8859-1,1,0,99214e63c6ae,0

1438775985834,30,Erstelle wsi,200,OK,Thread Group: getWorkspaceItems 7-4,text,true,,231,3,3,http://172.31.8.205:27474/db/data/transaction/commit,,30,ISO-8859-1,1,0,99214e63c6ae,0

1438775985837,18,Erstelle wsi,200,OK,Thread Group: getWorkspaceItems 7-4,text,true,,231,3,3,http://172.31.8.205:27474/db/data/transaction/commit,,18,ISO-8859-1,1,0,12ae572e559d,0

1438775985839,14,Erstelle wsi,200,OK,Thread Group: getWorkspaceItems 7-2,text,true,,231,3,3,http://172.31.8.205:27474/db/data/transaction/commit,,14,ISO-8859-1,1,0,12ae572e559d,0

1438775985842,8,Erstelle wsi,200,OK,Thread Group: getWorkspaceItems 7-4,text,true,,231,1,1,http://172.31.8.205:27474/db/data/transaction/commit,,8,ISO-8859-1,1,0,985aa859d74d,0

1438775985842,22,Erstelle wsi,200,OK,Thread Group: getWorkspaceItems 7-3,text,true,,231,3,3,http://172.31.8.205:27474/db/data/transaction/commit,,22,ISO-8859-1,1,0,12ae572e559d,0

1438775985855,10,Erstelle wsi,200,OK,Thread Group: getWorkspaceItems 7-4,text,true,,231,1,1,http://172.31.8.205:27474/db/data/transaction/commit,,10,ISO-8859-1,1,0,985aa859d74d,0

1438775985861,12,Erstelle wsi,200,OK,Thread Group: getWorkspaceItems 7-2,text,true,,231,3,3,http://172.31.8.205:27474/db/data/transaction/commit,,12,ISO-8859-1,1,0,99214e63c6ae,0

1438775985864,20,Erstelle wsi,200,OK,Thread Group: getWorkspaceItems 7-2,text,true,,231,3,3,http://172.31.8.205:27474/db/data/transaction/commit,,20,ISO-8859-1,1,0,12ae572e559d,0

1438775985867,11,Erstelle wsi,200,OK,Thread Group: getWorkspaceItems 7-4,text,true,,231,3,3,http://172.31.8.205:27474/db/data/transaction/commit,,11,ISO-8859-1,1,0,12ae572e559d,0

1438775985870,17,Erstelle wsi,200,OK,Thread Group: getWorkspaceItems 7-3,text,true,,231,3,3,http://172.31.8.205:27474/db/data/transaction/commit,,17,ISO-8859-1,1,0,12ae572e559d,0

1438775985872,8,Erstelle wsi,200,OK,Thread Group: getWorkspaceItems 7-4,text,true,,231,1,1,http://172.31.8.205:27474/db/data/transaction/commit,,8,ISO-8859-1,1,0,985aa859d74d,0

1438775985874,21,Erstelle wsi,200,OK,Thread Group: getWorkspaceItems 7-4,text,true,,231,3,3,http://172.31.8.205:27474/db/data/transaction/commit,,21,ISO-8859-1,1,0,99214e63c6ae,0

1438775985883,24,Erstelle wsi,200,OK,Thread Group: getWorkspaceItems 7-2,text,true,,231,3,3,http://172.31.8.205:27474/db/data/transaction/commit,,24,ISO-8859-1,1,0,99214e63c6ae,0

1438775985886,9,Erstelle wsi,200,OK,Thread Group: getWorkspaceItems 7-4,text,true,,231,1,1,http://172.31.8.205:27474/db/data/transaction/commit,,9,ISO-8859-1,1,0,985aa859d74d,0

1438775985892,12,Erstelle wsi,200,OK,Thread Group: getWorkspaceItems 7-2,text,true,,231,3,3,http://172.31.8.205:27474/db/data/transaction/commit,,12,ISO-8859-1,1,0,12ae572e559d,0

1438775985895,16,Erstelle wsi,200,OK,Thread Group: getWorkspaceItems 7-3,text,true,,231,3,3,http://172.31.8.205:27474/db/data/transaction/commit,,16,ISO-8859-1,1,0,12ae572e559d,0

1438775985896,21,Erstelle wsi,200,OK,Thread Group: getWorkspaceItems 7-4,text,true,,231,3,3,http://172.31.8.205:27474/db/data/transaction/commit,,21,ISO-8859-1,1,0,12ae572e559d,0

1438775985903,12,Erstelle wsi,200,OK,Thread Group: getWorkspaceItems 7-4,text,true,,231,1,1,http://172.31.8.205:27474/db/data/transaction/commit,,12,ISO-8859-1,1,0,985aa859d74d,0

1438775985914,11,Erstelle wsi,200,OK,Thread Group: getWorkspaceItems 7-2,text,true,,231,3,3,http://172.31.8.205:27474/db/data/transaction/commit,,11,ISO-8859-1,1,0,99214e63c6ae,0

1438775985922,8,Erstelle wsi,200,OK,Thread Group: getWorkspaceItems 7-4,text,true,,231,1,1,http://172.31.8.205:27474/db/data/transaction/commit,,8,ISO-8859-1,1,0,985aa859d74d,0

1438775985922,13,Erstelle wsi,200,OK,Thread Group: getWorkspaceItems 7-3,text,true,,231,3,3,http://172.31.8.205:27474/db/data/transaction/commit,,13,ISO-8859-1,1,0,99214e63c6ae,0

1438775985924,9,Erstelle wsi,200,OK,Thread Group: getWorkspaceItems 7-3,text,true,,231,2,2,http://172.31.8.205:27474/db/data/transaction/commit,,9,ISO-8859-1,1,0,12ae572e559d,0

1438775985932,22,Erstelle wsi,200,OK,Thread Group: getWorkspaceItems 7-2,text,true,,231,3,3,http://172.31.8.205:27474/db/data/transaction/commit,,22,ISO-8859-1,1,0,99214e63c6ae,0

1438775985940,7,Erstelle wsi,200,OK,Thread Group: getWorkspaceItems 7-3,text,true,,231,2,2,http://172.31.8.205:27474/db/data/transaction/commit,,7,ISO-8859-1,1,0,12ae572e559d,0

1438775985943,23,Erstelle wsi,200,OK,Thread Group: getWorkspaceItems 7-3,text,true,,231,3,3,http://172.31.8.205:27474/db/data/transaction/commit,,23,ISO-8859-1,1,0,99214e63c6ae,0

1438775985974,14,Erstelle wsi,200,OK,Thread Group: getWorkspaceItems 7-3,text,true,,231,2,2,http://172.31.8.205:27474/db/data/transaction/commit,,14,ISO-8859-1,1,0,99214e63c6ae,0

1438775985977,10,Erstelle wsi,200,OK,Thread Group: getWorkspaceItems 7-4,text,true,,231,1,1,http://172.31.8.205:27474/db/data/transaction/commit,,10,ISO-8859-1,1,0,12ae572e559d,0

1438775985985,13,Erstelle wsi,200,OK,Thread Group: getWorkspaceItems 7-4,text,true,,231,2,2,http://172.31.8.205:27474/db/data/transaction/commit,,13,ISO-8859-1,1,0,99214e63c6ae,0

1438775985992,13,Erstelle wsi,200,OK,Thread Group: getWorkspaceItems 7-4,text,true,,231,1,1,http://172.31.8.205:27474/db/data/transaction/commit,,13,ISO-8859-1,1,0,12ae572e559d,0

1438775985997,16,Erstelle wsi,200,OK,Thread Group: getWorkspaceItems 7-3,text,true,,231,2,2,http://172.31.8.205:27474/db/data/transaction/commit,,16,ISO-8859-1,1,0,99214e63c6ae,0

1438775986013,8,Erstelle wsi,200,OK,Thread Group: getWorkspaceItems 7-4,text,true,,231,1,1,http://172.31.8.205:27474/db/data/transaction/commit,,8,ISO-8859-1,1,0,12ae572e559d,0

1438775986021,10,Erstelle wsi,200,OK,Thread Group: getWorkspaceItems 7-4,text,true,,231,2,2,http://172.31.8.205:27474/db/data/transaction/commit,,10,ISO-8859-1,1,0,99214e63c6ae,0

1438775986024,18,Erstelle wsi,200,OK,Thread Group: getWorkspaceItems 7-3,text,true,,231,2,2,http://172.31.8.205:27474/db/data/transaction/commit,,18,ISO-8859-1,1,0,99214e63c6ae,0

1438775986027,13,Erstelle wsi,200,OK,Thread Group: getWorkspaceItems 7-4,text,true,,231,1,1,http://172.31.8.205:27474/db/data/transaction/commit,,13,ISO-8859-1,1,0,12ae572e559d,0

1438775986038,15,Erstelle wsi,200,OK,Thread Group: getWorkspaceItems 7-4,text,true,,231,2,2,http://172.31.8.205:27474/db/data/transaction/commit,,15,ISO-8859-1,1,0,99214e63c6ae,0

1438775986047,8,Erstelle wsi,200,OK,Thread Group: getWorkspaceItems 7-4,text,true,,231,1,1,http://172.31.8.205:27474/db/data/transaction/commit,,8,ISO-8859-1,1,0,12ae572e559d,0

1438775986049,8,Erstelle wsi,200,OK,Thread Group: getWorkspaceItems 7-3,text,true,,231,2,2,http://172.31.8.205:27474/db/data/transaction/commit,,8,ISO-8859-1,1,0,99214e63c6ae,0

1438775986059,10,Erstelle wsi,200,OK,Thread Group: getWorkspaceItems 7-4,text,true,,231,2,2,http://172.31.8.205:27474/db/data/transaction/commit,,10,ISO-8859-1,1,0,99214e63c6ae,0

1438775986061,8,Erstelle wsi,200,OK,Thread Group: getWorkspaceItems 7-4,text,true,,231,1,1,http://172.31.8.205:27474/db/data/transaction/commit,,8,ISO-8859-1,1,0,12ae572e559d,0

1438775986080,10,Erstelle wsi,200,OK,Thread Group: getWorkspaceItems 7-4,text,true,,231,1,1,http://172.31.8.205:27474/db/data/transaction/commit,,10,ISO-8859-1,1,0,99214e63c6ae,0

1438775986096,10,Erstelle wsi,200,OK,Thread Group: getWorkspaceItems 7-4,text,true,,231,1,1,http://172.31.8.205:27474/db/data/transaction/commit,,10,ISO-8859-1,1,0,99214e63c6ae,0

1438775986158,12,Erstelle wsi,200,OK,Thread Group: getWorkspaceItems 7-4,text,true,,231,1,1,http://172.31.8.205:27474/db/data/transaction/commit,,12,ISO-8859-1,1,0,99214e63c6ae,0

1438775986176,12,Erstelle wsi,200,OK,Thread Group: getWorkspaceItems 7-4,text,true,,231,1,1,http://172.31.8.205:27474/db/data/transaction/commit,,12,ISO-8859-1,1,0,99214e63c6ae,0

1438775986198,6,Erstelle wsi,200,OK,Thread Group: getWorkspaceItems 7-4,text,true,,231,1,1,http://172.31.8.205:27474/db/data/transaction/commit,,6,ISO-8859-1,1,0,99214e63c6ae,0

1438775986210,6,Erstelle wsi,200,OK,Thread Group: getWorkspaceItems 7-4,text,true,,231,1,1,http://172.31.8.205:27474/db/data/transaction/commit,,6,ISO-8859-1,1,0,99214e63c6ae,0

1438775986223,6,Erstelle wsi,200,OK,Thread Group: getWorkspaceItems 7-4,text,true,,231,1,1,http://172.31.8.205:27474/db/data/transaction/commit,,6,ISO-8859-1,1,0,99214e63c6ae,0

1438775986235,18,Erstelle wsi,200,OK,Thread Group: getWorkspaceItems 7-4,text,true,,231,1,1,http://172.31.8.205:27474/db/data/transaction/commit,,18,ISO-8859-1,1,0,99214e63c6ae,0

