1438775983592,11,Get tasks,200,OK,Thread Group: Core: Get Component 5-1,text,true,,449,4,4,http://172.31.8.205:27474/db/data/transaction/commit,,11,ISO-8859-1,1,0,12ae572e559d,0

1438775983595,8,Get tasks,200,OK,Thread Group: Core: Get Component 5-1,text,true,,449,4,4,http://172.31.8.205:27474/db/data/transaction/commit,,8,ISO-8859-1,1,0,985aa859d74d,0

1438775983601,4,Get tasks,200,OK,Thread Group: Core: Get Component 5-2,text,true,,449,4,4,http://172.31.8.205:27474/db/data/transaction/commit,,4,ISO-8859-1,1,0,12ae572e559d,0

1438775983601,4,Get tasks,200,OK,Thread Group: Core: Get Component 5-2,text,true,,449,4,4,http://172.31.8.205:27474/db/data/transaction/commit,,4,ISO-8859-1,1,0,985aa859d74d,0

1438775983602,4,Get tasks,200,OK,Thread Group: Core: Get Component 5-3,text,true,,449,4,4,http://172.31.8.205:27474/db/data/transaction/commit,,4,ISO-8859-1,1,0,985aa859d74d,0

1438775983604,6,Get tasks,200,OK,Thread Group: Core: Get Component 5-3,text,true,,449,4,4,http://172.31.8.205:27474/db/data/transaction/commit,,6,ISO-8859-1,1,0,12ae572e559d,0

1438775983606,6,Get tasks,200,OK,Thread Group: Core: Get Component 5-4,text,true,,449,4,4,http://172.31.8.205:27474/db/data/transaction/commit,,6,ISO-8859-1,1,0,12ae572e559d,0

1438775983607,4,Get tasks,200,OK,Thread Group: Core: Get Component 5-4,text,true,,449,4,4,http://172.31.8.205:27474/db/data/transaction/commit,,4,ISO-8859-1,1,0,985aa859d74d,0

1438775983610,6,Get tasks,200,OK,Thread Group: Core: Get Component 5-1,text,true,,449,4,4,http://172.31.8.205:27474/db/data/transaction/commit,,6,ISO-8859-1,1,0,985aa859d74d,0

1438775983613,9,Get tasks,200,OK,Thread Group: Core: Get Component 5-2,text,true,,449,4,4,http://172.31.8.205:27474/db/data/transaction/commit,,9,ISO-8859-1,1,0,985aa859d74d,0

1438775983613,5,Get tasks,200,OK,Thread Group: Core: Get Component 5-1,text,true,,449,4,4,http://172.31.8.205:27474/db/data/transaction/commit,,5,ISO-8859-1,1,0,12ae572e559d,0

1438775983615,8,Get tasks,200,OK,Thread Group: Core: Get Component 5-2,text,true,,449,4,4,http://172.31.8.205:27474/db/data/transaction/commit,,8,ISO-8859-1,1,0,12ae572e559d,0

1438775983661,2,Get tasks,200,OK,Thread Group: Core: Get Component 5-3,text,true,,449,4,4,http://172.31.8.205:27474/db/data/transaction/commit,,2,ISO-8859-1,1,0,985aa859d74d,0

1438775983664,3,Get tasks,200,OK,Thread Group: Core: Get Component 5-1,text,true,,449,4,4,http://172.31.8.205:27474/db/data/transaction/commit,,3,ISO-8859-1,1,0,99214e63c6ae,0

1438775983667,8,Get tasks,200,OK,Thread Group: Core: Get Component 5-2,text,true,,449,4,4,http://172.31.8.205:27474/db/data/transaction/commit,,7,ISO-8859-1,1,0,99214e63c6ae,0

1438775983667,1,Get tasks,200,OK,Thread Group: Core: Get Component 5-3,text,true,,449,4,4,http://172.31.8.205:27474/db/data/transaction/commit,,1,ISO-8859-1,1,0,985aa859d74d,0

1438775983669,5,Get tasks,200,OK,Thread Group: Core: Get Component 5-3,text,true,,449,4,4,http://172.31.8.205:27474/db/data/transaction/commit,,4,ISO-8859-1,1,0,99214e63c6ae,0

1438775983671,2,Get tasks,200,OK,Thread Group: Core: Get Component 5-4,text,true,,449,4,4,http://172.31.8.205:27474/db/data/transaction/commit,,2,ISO-8859-1,1,0,12ae572e559d,0

1438775983673,8,Get tasks,200,OK,Thread Group: Core: Get Component 5-4,text,true,,449,4,4,http://172.31.8.205:27474/db/data/transaction/commit,,8,ISO-8859-1,1,0,99214e63c6ae,0

1438775983673,2,Get tasks,200,OK,Thread Group: Core: Get Component 5-3,text,true,,449,4,4,http://172.31.8.205:27474/db/data/transaction/commit,,2,ISO-8859-1,1,0,985aa859d74d,0

1438775983674,1,Get tasks,200,OK,Thread Group: Core: Get Component 5-4,text,true,,449,4,4,http://172.31.8.205:27474/db/data/transaction/commit,,1,ISO-8859-1,1,0,985aa859d74d,0

1438775983681,2,Get tasks,200,OK,Thread Group: Core: Get Component 5-4,text,true,,449,4,4,http://172.31.8.205:27474/db/data/transaction/commit,,2,ISO-8859-1,1,0,12ae572e559d,0

1438775983682,7,Get tasks,200,OK,Thread Group: Core: Get Component 5-1,text,true,,449,4,4,http://172.31.8.205:27474/db/data/transaction/commit,,7,ISO-8859-1,1,0,99214e63c6ae,0

1438775983682,2,Get tasks,200,OK,Thread Group: Core: Get Component 5-1,text,true,,449,4,4,http://172.31.8.205:27474/db/data/transaction/commit,,2,ISO-8859-1,1,0,985aa859d74d,0

1438775983683,2,Get tasks,200,OK,Thread Group: Core: Get Component 5-2,text,true,,449,4,4,http://172.31.8.205:27474/db/data/transaction/commit,,2,ISO-8859-1,1,0,985aa859d74d,0

1438775983687,2,Get tasks,200,OK,Thread Group: Core: Get Component 5-4,text,true,,449,4,4,http://172.31.8.205:27474/db/data/transaction/commit,,2,ISO-8859-1,1,0,12ae572e559d,0

1438775983688,7,Get tasks,200,OK,Thread Group: Core: Get Component 5-2,text,true,,449,4,4,http://172.31.8.205:27474/db/data/transaction/commit,,7,ISO-8859-1,1,0,99214e63c6ae,0

1438775983688,2,Get tasks,200,OK,Thread Group: Core: Get Component 5-4,text,true,,449,4,4,http://172.31.8.205:27474/db/data/transaction/commit,,2,ISO-8859-1,1,0,985aa859d74d,0

1438775983691,6,Get tasks,200,OK,Thread Group: Core: Get Component 5-2,text,true,,449,4,4,http://172.31.8.205:27474/db/data/transaction/commit,,6,ISO-8859-1,1,0,985aa859d74d,0

1438775983693,2,Get tasks,200,OK,Thread Group: Core: Get Component 5-4,text,true,,449,4,4,http://172.31.8.205:27474/db/data/transaction/commit,,2,ISO-8859-1,1,0,12ae572e559d,0

1438775983693,4,Get tasks,200,OK,Thread Group: Core: Get Component 5-3,text,true,,449,4,4,http://172.31.8.205:27474/db/data/transaction/commit,,4,ISO-8859-1,1,0,985aa859d74d,0

1438775983694,5,Get tasks,200,OK,Thread Group: Core: Get Component 5-1,text,true,,449,4,4,http://172.31.8.205:27474/db/data/transaction/commit,,5,ISO-8859-1,1,0,985aa859d74d,0

1438775983702,3,Get tasks,200,OK,Thread Group: Core: Get Component 5-4,text,true,,449,3,3,http://172.31.8.205:27474/db/data/transaction/commit,,3,ISO-8859-1,1,0,985aa859d74d,0

1438775983704,2,Get tasks,200,OK,Thread Group: Core: Get Component 5-2,text,true,,449,3,3,http://172.31.8.205:27474/db/data/transaction/commit,,2,ISO-8859-1,1,0,12ae572e559d,0

1438775983704,4,Get tasks,200,OK,Thread Group: Core: Get Component 5-2,text,true,,449,3,3,http://172.31.8.205:27474/db/data/transaction/commit,,4,ISO-8859-1,1,0,985aa859d74d,0

1438775983706,3,Get tasks,200,OK,Thread Group: Core: Get Component 5-3,text,true,,449,3,3,http://172.31.8.205:27474/db/data/transaction/commit,,3,ISO-8859-1,1,0,12ae572e559d,0

1438775983706,3,Get tasks,200,OK,Thread Group: Core: Get Component 5-1,text,true,,449,3,3,http://172.31.8.205:27474/db/data/transaction/commit,,3,ISO-8859-1,1,0,985aa859d74d,0

1438775983711,1,Get tasks,200,OK,Thread Group: Core: Get Component 5-4,text,true,,449,1,1,http://172.31.8.205:27474/db/data/transaction/commit,,1,ISO-8859-1,1,0,985aa859d74d,0

1438775983713,4,Get tasks,200,OK,Thread Group: Core: Get Component 5-3,text,true,,449,3,3,http://172.31.8.205:27474/db/data/transaction/commit,,4,ISO-8859-1,1,0,12ae572e559d,0

1438775983719,2,Get tasks,200,OK,Thread Group: Core: Get Component 5-1,text,true,,449,3,3,http://172.31.8.205:27474/db/data/transaction/commit,,2,ISO-8859-1,1,0,12ae572e559d,0

1438775983721,8,Get tasks,200,OK,Thread Group: Core: Get Component 5-2,text,true,,449,3,3,http://172.31.8.205:27474/db/data/transaction/commit,,8,ISO-8859-1,1,0,12ae572e559d,0

1438775983730,3,Get tasks,200,OK,Thread Group: Core: Get Component 5-3,text,true,,449,3,3,http://172.31.8.205:27474/db/data/transaction/commit,,3,ISO-8859-1,1,0,12ae572e559d,0

1438775983732,2,Get tasks,200,OK,Thread Group: Core: Get Component 5-1,text,true,,449,3,3,http://172.31.8.205:27474/db/data/transaction/commit,,2,ISO-8859-1,1,0,12ae572e559d,0

1438775983735,5,Get tasks,200,OK,Thread Group: Core: Get Component 5-2,text,true,,449,3,3,http://172.31.8.205:27474/db/data/transaction/commit,,5,ISO-8859-1,1,0,12ae572e559d,0

1438775983741,2,Get tasks,200,OK,Thread Group: Core: Get Component 5-4,text,true,,449,4,4,http://172.31.8.205:27474/db/data/transaction/commit,,2,ISO-8859-1,1,0,99214e63c6ae,0

1438775983743,7,Get tasks,200,OK,Thread Group: Core: Get Component 5-1,text,true,,449,2,2,http://172.31.8.205:27474/db/data/transaction/commit,,7,ISO-8859-1,1,0,12ae572e559d,0

1438775983744,2,Get tasks,200,OK,Thread Group: Core: Get Component 5-3,text,true,,449,3,3,http://172.31.8.205:27474/db/data/transaction/commit,,2,ISO-8859-1,1,0,12ae572e559d,0

1438775983747,2,Get tasks,200,OK,Thread Group: Core: Get Component 5-4,text,true,,449,4,4,http://172.31.8.205:27474/db/data/transaction/commit,,2,ISO-8859-1,1,0,99214e63c6ae,0

1438775983755,2,Get tasks,200,OK,Thread Group: Core: Get Component 5-4,text,true,,449,4,4,http://172.31.8.205:27474/db/data/transaction/commit,,1,ISO-8859-1,1,0,99214e63c6ae,0

1438775983763,1,Get tasks,200,OK,Thread Group: Core: Get Component 5-4,text,true,,449,4,4,http://172.31.8.205:27474/db/data/transaction/commit,,1,ISO-8859-1,1,0,99214e63c6ae,0

1438775983802,4,Get tasks,200,OK,Thread Group: Core: Get Component 5-1,text,true,,449,3,3,http://172.31.8.205:27474/db/data/transaction/commit,,4,ISO-8859-1,1,0,99214e63c6ae,0

1438775983810,2,Get tasks,200,OK,Thread Group: Core: Get Component 5-1,text,true,,449,3,3,http://172.31.8.205:27474/db/data/transaction/commit,,2,ISO-8859-1,1,0,99214e63c6ae,0

1438775983816,1,Get tasks,200,OK,Thread Group: Core: Get Component 5-1,text,true,,449,3,3,http://172.31.8.205:27474/db/data/transaction/commit,,1,ISO-8859-1,1,0,99214e63c6ae,0

1438775983828,3,Get tasks,200,OK,Thread Group: Core: Get Component 5-3,text,true,,449,2,2,http://172.31.8.205:27474/db/data/transaction/commit,,3,ISO-8859-1,1,0,99214e63c6ae,0

1438775983836,3,Get tasks,200,OK,Thread Group: Core: Get Component 5-2,text,true,,449,2,2,http://172.31.8.205:27474/db/data/transaction/commit,,3,ISO-8859-1,1,0,99214e63c6ae,0

1438775983841,2,Get tasks,200,OK,Thread Group: Core: Get Component 5-3,text,true,,449,2,2,http://172.31.8.205:27474/db/data/transaction/commit,,2,ISO-8859-1,1,0,99214e63c6ae,0

1438775983850,6,Get tasks,200,OK,Thread Group: Core: Get Component 5-2,text,true,,449,2,2,http://172.31.8.205:27474/db/data/transaction/commit,,6,ISO-8859-1,1,0,99214e63c6ae,0

1438775983855,4,Get tasks,200,OK,Thread Group: Core: Get Component 5-3,text,true,,449,2,2,http://172.31.8.205:27474/db/data/transaction/commit,,4,ISO-8859-1,1,0,99214e63c6ae,0

1438775983862,4,Get tasks,200,OK,Thread Group: Core: Get Component 5-2,text,true,,449,2,2,http://172.31.8.205:27474/db/data/transaction/commit,,4,ISO-8859-1,1,0,99214e63c6ae,0

1438775983865,4,Get tasks,200,OK,Thread Group: Core: Get Component 5-3,text,true,,449,2,2,http://172.31.8.205:27474/db/data/transaction/commit,,4,ISO-8859-1,1,0,99214e63c6ae,0

