1438775986083,15,Get people,200,OK,Thread Group: Core: GRUD User 8-1,text,true,,540,4,4,http://172.31.8.205:27474/db/data/transaction/commit,,15,ISO-8859-1,1,0,985aa859d74d,0

1438775986087,18,Get people,200,OK,Thread Group: Core: GRUD User 8-2,text,true,,540,4,4,http://172.31.8.205:27474/db/data/transaction/commit,,18,ISO-8859-1,1,0,985aa859d74d,0

1438775986091,18,Get people,200,OK,Thread Group: Core: GRUD User 8-3,text,true,,540,4,4,http://172.31.8.205:27474/db/data/transaction/commit,,17,ISO-8859-1,1,0,985aa859d74d,0

1438775986112,11,Get people,200,OK,Thread Group: Core: GRUD User 8-4,text,true,,540,4,4,http://172.31.8.205:27474/db/data/transaction/commit,,11,ISO-8859-1,1,0,985aa859d74d,0

1438775986221,7,Get people,200,OK,Thread Group: Core: GRUD User 8-1,text,true,,531,4,4,http://172.31.8.205:27474/db/data/transaction/commit,,7,ISO-8859-1,1,0,12ae572e559d,0

1438775986224,10,Get people,200,OK,Thread Group: Core: GRUD User 8-2,text,true,,531,4,4,http://172.31.8.205:27474/db/data/transaction/commit,,10,ISO-8859-1,1,0,12ae572e559d,0

1438775986228,21,Get people,200,OK,Thread Group: Core: GRUD User 8-4,text,true,,531,4,4,http://172.31.8.205:27474/db/data/transaction/commit,,21,ISO-8859-1,1,0,12ae572e559d,0

1438775986235,6,Get people,200,OK,Thread Group: Core: GRUD User 8-3,text,true,,531,4,4,http://172.31.8.205:27474/db/data/transaction/commit,,6,ISO-8859-1,1,0,12ae572e559d,0

1438775986378,24,Get people,200,OK,Thread Group: Core: GRUD User 8-1,text,true,,543,4,4,http://172.31.8.205:27474/db/data/transaction/commit,,24,ISO-8859-1,1,0,99214e63c6ae,0

1438775986384,17,Get people,200,OK,Thread Group: Core: GRUD User 8-2,text,true,,543,4,4,http://172.31.8.205:27474/db/data/transaction/commit,,17,ISO-8859-1,1,0,99214e63c6ae,0

1438775986387,26,Get people,200,OK,Thread Group: Core: GRUD User 8-3,text,true,,543,4,4,http://172.31.8.205:27474/db/data/transaction/commit,,26,ISO-8859-1,1,0,99214e63c6ae,0

1438775986390,10,Get people,200,OK,Thread Group: Core: GRUD User 8-3,text,true,,540,4,4,http://172.31.8.205:27474/db/data/transaction/commit,,10,ISO-8859-1,1,0,985aa859d74d,0

1438775986391,2,Get people,200,OK,Thread Group: Core: GRUD User 8-1,text,true,,540,4,4,http://172.31.8.205:27474/db/data/transaction/commit,,2,ISO-8859-1,1,0,985aa859d74d,0

1438775986392,12,Get people,200,OK,Thread Group: Core: GRUD User 8-2,text,true,,540,4,4,http://172.31.8.205:27474/db/data/transaction/commit,,12,ISO-8859-1,1,0,985aa859d74d,0

1438775986392,29,Get people,200,OK,Thread Group: Core: GRUD User 8-4,text,true,,543,4,4,http://172.31.8.205:27474/db/data/transaction/commit,,29,ISO-8859-1,1,0,99214e63c6ae,0

1438775986393,3,Get people,200,OK,Thread Group: Core: GRUD User 8-4,text,true,,540,4,4,http://172.31.8.205:27474/db/data/transaction/commit,,3,ISO-8859-1,1,0,985aa859d74d,0

1438775986439,2,Get people,200,OK,Thread Group: Core: GRUD User 8-2,text,true,,540,4,4,http://172.31.8.205:27474/db/data/transaction/commit,,2,ISO-8859-1,1,0,985aa859d74d,0

1438775986439,7,Get people,200,OK,Thread Group: Core: GRUD User 8-1,text,true,,540,4,4,http://172.31.8.205:27474/db/data/transaction/commit,,7,ISO-8859-1,1,0,985aa859d74d,0

1438775986442,2,Get people,200,OK,Thread Group: Core: GRUD User 8-3,text,true,,540,4,4,http://172.31.8.205:27474/db/data/transaction/commit,,2,ISO-8859-1,1,0,985aa859d74d,0

1438775986447,1,Get people,200,OK,Thread Group: Core: GRUD User 8-4,text,true,,540,4,4,http://172.31.8.205:27474/db/data/transaction/commit,,1,ISO-8859-1,1,0,985aa859d74d,0

1438775986481,1,Get people,200,OK,Thread Group: Core: GRUD User 8-4,text,true,,540,4,4,http://172.31.8.205:27474/db/data/transaction/commit,,1,ISO-8859-1,1,0,985aa859d74d,0

1438775986482,11,Get people,200,OK,Thread Group: Core: GRUD User 8-1,text,true,,540,4,4,http://172.31.8.205:27474/db/data/transaction/commit,,11,ISO-8859-1,1,0,985aa859d74d,0

1438775986489,2,Get people,200,OK,Thread Group: Core: GRUD User 8-2,text,true,,540,4,4,http://172.31.8.205:27474/db/data/transaction/commit,,2,ISO-8859-1,1,0,985aa859d74d,0

1438775986492,4,Get people,200,OK,Thread Group: Core: GRUD User 8-3,text,true,,540,4,4,http://172.31.8.205:27474/db/data/transaction/commit,,4,ISO-8859-1,1,0,985aa859d74d,0

1438775986532,12,Get people,200,OK,Thread Group: Core: GRUD User 8-1,text,true,,540,4,4,http://172.31.8.205:27474/db/data/transaction/commit,,12,ISO-8859-1,1,0,985aa859d74d,0

1438775986533,2,Get people,200,OK,Thread Group: Core: GRUD User 8-4,text,true,,540,4,4,http://172.31.8.205:27474/db/data/transaction/commit,,2,ISO-8859-1,1,0,985aa859d74d,0

1438775986536,4,Get people,200,OK,Thread Group: Core: GRUD User 8-2,text,true,,540,4,4,http://172.31.8.205:27474/db/data/transaction/commit,,4,ISO-8859-1,1,0,985aa859d74d,0

1438775986538,8,Get people,200,OK,Thread Group: Core: GRUD User 8-3,text,true,,531,4,4,http://172.31.8.205:27474/db/data/transaction/commit,,8,ISO-8859-1,1,0,12ae572e559d,0

1438775986543,10,Get people,200,OK,Thread Group: Core: GRUD User 8-1,text,true,,531,4,4,http://172.31.8.205:27474/db/data/transaction/commit,,10,ISO-8859-1,1,0,12ae572e559d,0

1438775986545,16,Get people,200,OK,Thread Group: Core: GRUD User 8-4,text,true,,531,4,4,http://172.31.8.205:27474/db/data/transaction/commit,,16,ISO-8859-1,1,0,12ae572e559d,0

1438775986547,4,Get people,200,OK,Thread Group: Core: GRUD User 8-3,text,true,,540,4,4,http://172.31.8.205:27474/db/data/transaction/commit,,4,ISO-8859-1,1,0,985aa859d74d,0

1438775986549,16,Get people,200,OK,Thread Group: Core: GRUD User 8-2,text,true,,531,4,4,http://172.31.8.205:27474/db/data/transaction/commit,,16,ISO-8859-1,1,0,12ae572e559d,0

1438775986609,2,Get people,200,OK,Thread Group: Core: GRUD User 8-3,text,true,,531,4,4,http://172.31.8.205:27474/db/data/transaction/commit,,2,ISO-8859-1,1,0,12ae572e559d,0

1438775986616,13,Get people,200,OK,Thread Group: Core: GRUD User 8-2,text,true,,531,4,4,http://172.31.8.205:27474/db/data/transaction/commit,,13,ISO-8859-1,1,0,12ae572e559d,0

1438775986618,2,Get people,200,OK,Thread Group: Core: GRUD User 8-1,text,true,,534,4,4,http://172.31.8.205:27474/db/data/transaction/commit,,2,ISO-8859-1,1,0,12ae572e559d,0

1438775986619,6,Get people,200,OK,Thread Group: Core: GRUD User 8-4,text,true,,534,4,4,http://172.31.8.205:27474/db/data/transaction/commit,,6,ISO-8859-1,1,0,12ae572e559d,0

1438775986670,11,Get people,200,OK,Thread Group: Core: GRUD User 8-3,text,true,,534,4,4,http://172.31.8.205:27474/db/data/transaction/commit,,11,ISO-8859-1,1,0,12ae572e559d,0

1438775986673,20,Get people,200,OK,Thread Group: Core: GRUD User 8-4,text,true,,534,4,4,http://172.31.8.205:27474/db/data/transaction/commit,,20,ISO-8859-1,1,0,12ae572e559d,0

1438775986677,12,Get people,200,OK,Thread Group: Core: GRUD User 8-1,text,true,,534,4,4,http://172.31.8.205:27474/db/data/transaction/commit,,12,ISO-8859-1,1,0,12ae572e559d,0

1438775986677,20,Get people,200,OK,Thread Group: Core: GRUD User 8-2,text,true,,534,4,4,http://172.31.8.205:27474/db/data/transaction/commit,,20,ISO-8859-1,1,0,12ae572e559d,0

1438775986708,5,Get people,200,OK,Thread Group: Core: GRUD User 8-3,text,true,,543,4,4,http://172.31.8.205:27474/db/data/transaction/commit,,5,ISO-8859-1,1,0,99214e63c6ae,0

1438775986712,17,Get people,200,OK,Thread Group: Core: GRUD User 8-1,text,true,,543,4,4,http://172.31.8.205:27474/db/data/transaction/commit,,17,ISO-8859-1,1,0,99214e63c6ae,0

1438775986714,2,Get people,200,OK,Thread Group: Core: GRUD User 8-4,text,true,,543,4,4,http://172.31.8.205:27474/db/data/transaction/commit,,2,ISO-8859-1,1,0,99214e63c6ae,0

1438775986725,8,Get people,200,OK,Thread Group: Core: GRUD User 8-2,text,true,,543,4,4,http://172.31.8.205:27474/db/data/transaction/commit,,8,ISO-8859-1,1,0,99214e63c6ae,0

1438775986737,5,Get people,200,OK,Thread Group: Core: GRUD User 8-1,text,true,,534,4,4,http://172.31.8.205:27474/db/data/transaction/commit,,5,ISO-8859-1,1,0,12ae572e559d,0

1438775986739,6,Get people,200,OK,Thread Group: Core: GRUD User 8-3,text,true,,534,4,4,http://172.31.8.205:27474/db/data/transaction/commit,,6,ISO-8859-1,1,0,12ae572e559d,0

1438775986740,13,Get people,200,OK,Thread Group: Core: GRUD User 8-4,text,true,,534,4,4,http://172.31.8.205:27474/db/data/transaction/commit,,13,ISO-8859-1,1,0,12ae572e559d,0

1438775986757,2,Get people,200,OK,Thread Group: Core: GRUD User 8-2,text,true,,534,4,4,http://172.31.8.205:27474/db/data/transaction/commit,,2,ISO-8859-1,1,0,12ae572e559d,0

1438775986780,6,Get people,200,OK,Thread Group: Core: GRUD User 8-1,text,true,,543,4,4,http://172.31.8.205:27474/db/data/transaction/commit,,6,ISO-8859-1,1,0,99214e63c6ae,0

1438775986782,5,Get people,200,OK,Thread Group: Core: GRUD User 8-3,text,true,,543,4,4,http://172.31.8.205:27474/db/data/transaction/commit,,5,ISO-8859-1,1,0,99214e63c6ae,0

1438775986783,6,Get people,200,OK,Thread Group: Core: GRUD User 8-4,text,true,,543,4,4,http://172.31.8.205:27474/db/data/transaction/commit,,6,ISO-8859-1,1,0,99214e63c6ae,0

1438775986785,12,Get people,200,OK,Thread Group: Core: GRUD User 8-2,text,true,,543,4,4,http://172.31.8.205:27474/db/data/transaction/commit,,12,ISO-8859-1,1,0,99214e63c6ae,0

1438775986848,6,Get people,200,OK,Thread Group: Core: GRUD User 8-1,text,true,,543,4,4,http://172.31.8.205:27474/db/data/transaction/commit,,6,ISO-8859-1,1,0,99214e63c6ae,0

1438775986850,15,Get people,200,OK,Thread Group: Core: GRUD User 8-2,text,true,,543,4,4,http://172.31.8.205:27474/db/data/transaction/commit,,15,ISO-8859-1,1,0,99214e63c6ae,0

1438775986851,10,Get people,200,OK,Thread Group: Core: GRUD User 8-4,text,true,,543,4,4,http://172.31.8.205:27474/db/data/transaction/commit,,10,ISO-8859-1,1,0,99214e63c6ae,0

1438775986853,4,Get people,200,OK,Thread Group: Core: GRUD User 8-3,text,true,,543,4,4,http://172.31.8.205:27474/db/data/transaction/commit,,4,ISO-8859-1,1,0,99214e63c6ae,0

1438775986901,12,Get people,200,OK,Thread Group: Core: GRUD User 8-3,text,true,,543,4,4,http://172.31.8.205:27474/db/data/transaction/commit,,12,ISO-8859-1,1,0,99214e63c6ae,0

1438775986906,11,Get people,200,OK,Thread Group: Core: GRUD User 8-4,text,true,,543,4,4,http://172.31.8.205:27474/db/data/transaction/commit,,11,ISO-8859-1,1,0,99214e63c6ae,0

1438775986909,20,Get people,200,OK,Thread Group: Core: GRUD User 8-2,text,true,,543,4,4,http://172.31.8.205:27474/db/data/transaction/commit,,20,ISO-8859-1,1,0,99214e63c6ae,0

1438775986910,11,Get people,200,OK,Thread Group: Core: GRUD User 8-1,text,true,,543,4,4,http://172.31.8.205:27474/db/data/transaction/commit,,11,ISO-8859-1,1,0,99214e63c6ae,0

