1438775986385,2,Get people and check update,200,OK,Thread Group: Core: GRUD User 8-4,text,true,,555,4,4,http://172.31.8.205:27474/db/data/transaction/commit,,2,ISO-8859-1,1,0,985aa859d74d,0

1438775986387,5,Get people and check update,200,OK,Thread Group: Core: GRUD User 8-2,text,true,,555,4,4,http://172.31.8.205:27474/db/data/transaction/commit,,5,ISO-8859-1,1,0,985aa859d74d,0

1438775986388,2,Get people and check update,200,OK,Thread Group: Core: GRUD User 8-3,text,true,,555,4,4,http://172.31.8.205:27474/db/data/transaction/commit,,2,ISO-8859-1,1,0,985aa859d74d,0

1438775986389,2,Get people and check update,200,OK,Thread Group: Core: GRUD User 8-1,text,true,,555,4,4,http://172.31.8.205:27474/db/data/transaction/commit,,2,ISO-8859-1,1,0,985aa859d74d,0

1438775986436,2,Get people and check update,200,OK,Thread Group: Core: GRUD User 8-1,text,true,,555,4,4,http://172.31.8.205:27474/db/data/transaction/commit,,2,ISO-8859-1,1,0,985aa859d74d,0

1438775986438,1,Get people and check update,200,OK,Thread Group: Core: GRUD User 8-2,text,true,,555,4,4,http://172.31.8.205:27474/db/data/transaction/commit,,1,ISO-8859-1,1,0,985aa859d74d,0

1438775986440,1,Get people and check update,200,OK,Thread Group: Core: GRUD User 8-3,text,true,,555,4,4,http://172.31.8.205:27474/db/data/transaction/commit,,1,ISO-8859-1,1,0,985aa859d74d,0

1438775986445,2,Get people and check update,200,OK,Thread Group: Core: GRUD User 8-4,text,true,,555,4,4,http://172.31.8.205:27474/db/data/transaction/commit,,1,ISO-8859-1,1,0,985aa859d74d,0

1438775986477,4,Get people and check update,200,OK,Thread Group: Core: GRUD User 8-4,text,true,,555,4,4,http://172.31.8.205:27474/db/data/transaction/commit,,4,ISO-8859-1,1,0,985aa859d74d,0

1438775986480,2,Get people and check update,200,OK,Thread Group: Core: GRUD User 8-1,text,true,,555,4,4,http://172.31.8.205:27474/db/data/transaction/commit,,1,ISO-8859-1,1,0,985aa859d74d,0

1438775986487,1,Get people and check update,200,OK,Thread Group: Core: GRUD User 8-2,text,true,,555,4,4,http://172.31.8.205:27474/db/data/transaction/commit,,1,ISO-8859-1,1,0,985aa859d74d,0

1438775986490,2,Get people and check update,200,OK,Thread Group: Core: GRUD User 8-3,text,true,,555,4,4,http://172.31.8.205:27474/db/data/transaction/commit,,2,ISO-8859-1,1,0,985aa859d74d,0

1438775986528,4,Get people and check update,200,OK,Thread Group: Core: GRUD User 8-1,text,true,,555,4,4,http://172.31.8.205:27474/db/data/transaction/commit,,4,ISO-8859-1,1,0,985aa859d74d,0

1438775986531,2,Get people and check update,200,OK,Thread Group: Core: GRUD User 8-4,text,true,,555,4,4,http://172.31.8.205:27474/db/data/transaction/commit,,2,ISO-8859-1,1,0,985aa859d74d,0

1438775986534,2,Get people and check update,200,OK,Thread Group: Core: GRUD User 8-2,text,true,,555,4,4,http://172.31.8.205:27474/db/data/transaction/commit,,2,ISO-8859-1,1,0,985aa859d74d,0

1438775986535,2,Get people and check update,200,OK,Thread Group: Core: GRUD User 8-3,text,true,,546,4,4,http://172.31.8.205:27474/db/data/transaction/commit,,2,ISO-8859-1,1,0,12ae572e559d,0

1438775986537,8,Get people and check update,200,OK,Thread Group: Core: GRUD User 8-4,text,true,,546,4,4,http://172.31.8.205:27474/db/data/transaction/commit,,8,ISO-8859-1,1,0,12ae572e559d,0

1438775986540,2,Get people and check update,200,OK,Thread Group: Core: GRUD User 8-1,text,true,,546,4,4,http://172.31.8.205:27474/db/data/transaction/commit,,2,ISO-8859-1,1,0,12ae572e559d,0

1438775986544,5,Get people and check update,200,OK,Thread Group: Core: GRUD User 8-2,text,true,,546,4,4,http://172.31.8.205:27474/db/data/transaction/commit,,5,ISO-8859-1,1,0,12ae572e559d,0

1438775986545,1,Get people and check update,200,OK,Thread Group: Core: GRUD User 8-3,text,true,,555,4,4,http://172.31.8.205:27474/db/data/transaction/commit,,1,ISO-8859-1,1,0,985aa859d74d,0

1438775986572,3,Get people and check update,200,OK,Thread Group: Core: GRUD User 8-4,text,true,,555,4,4,http://172.31.8.205:27474/db/data/transaction/commit,,3,ISO-8859-1,1,0,985aa859d74d,0

1438775986581,2,Get people and check update,200,OK,Thread Group: Core: GRUD User 8-1,text,true,,555,3,3,http://172.31.8.205:27474/db/data/transaction/commit,,2,ISO-8859-1,1,0,985aa859d74d,0

1438775986584,1,Get people and check update,200,OK,Thread Group: Core: GRUD User 8-2,text,true,,555,3,3,http://172.31.8.205:27474/db/data/transaction/commit,,1,ISO-8859-1,1,0,985aa859d74d,0

1438775986584,2,Get people and check update,200,OK,Thread Group: Core: GRUD User 8-3,text,true,,555,3,3,http://172.31.8.205:27474/db/data/transaction/commit,,2,ISO-8859-1,1,0,985aa859d74d,0

1438775986607,2,Get people and check update,200,OK,Thread Group: Core: GRUD User 8-3,text,true,,546,4,4,http://172.31.8.205:27474/db/data/transaction/commit,,2,ISO-8859-1,1,0,12ae572e559d,0

1438775986612,4,Get people and check update,200,OK,Thread Group: Core: GRUD User 8-2,text,true,,546,4,4,http://172.31.8.205:27474/db/data/transaction/commit,,4,ISO-8859-1,1,0,12ae572e559d,0

1438775986613,5,Get people and check update,200,OK,Thread Group: Core: GRUD User 8-1,text,true,,546,4,4,http://172.31.8.205:27474/db/data/transaction/commit,,5,ISO-8859-1,1,0,12ae572e559d,0

1438775986615,4,Get people and check update,200,OK,Thread Group: Core: GRUD User 8-4,text,true,,546,4,4,http://172.31.8.205:27474/db/data/transaction/commit,,4,ISO-8859-1,1,0,12ae572e559d,0

1438775986664,5,Get people and check update,200,OK,Thread Group: Core: GRUD User 8-3,text,true,,546,4,4,http://172.31.8.205:27474/db/data/transaction/commit,,5,ISO-8859-1,1,0,12ae572e559d,0

1438775986670,2,Get people and check update,200,OK,Thread Group: Core: GRUD User 8-4,text,true,,549,4,4,http://172.31.8.205:27474/db/data/transaction/commit,,2,ISO-8859-1,1,0,12ae572e559d,0

1438775986672,4,Get people and check update,200,OK,Thread Group: Core: GRUD User 8-2,text,true,,546,4,4,http://172.31.8.205:27474/db/data/transaction/commit,,4,ISO-8859-1,1,0,12ae572e559d,0

1438775986675,2,Get people and check update,200,OK,Thread Group: Core: GRUD User 8-1,text,true,,549,4,4,http://172.31.8.205:27474/db/data/transaction/commit,,2,ISO-8859-1,1,0,12ae572e559d,0

1438775986705,2,Get people and check update,200,OK,Thread Group: Core: GRUD User 8-3,text,true,,558,4,4,http://172.31.8.205:27474/db/data/transaction/commit,,2,ISO-8859-1,1,0,99214e63c6ae,0

1438775986706,6,Get people and check update,200,OK,Thread Group: Core: GRUD User 8-1,text,true,,558,4,4,http://172.31.8.205:27474/db/data/transaction/commit,,6,ISO-8859-1,1,0,99214e63c6ae,0

1438775986711,3,Get people and check update,200,OK,Thread Group: Core: GRUD User 8-4,text,true,,558,4,4,http://172.31.8.205:27474/db/data/transaction/commit,,3,ISO-8859-1,1,0,99214e63c6ae,0

1438775986716,9,Get people and check update,200,OK,Thread Group: Core: GRUD User 8-2,text,true,,558,4,4,http://172.31.8.205:27474/db/data/transaction/commit,,9,ISO-8859-1,1,0,99214e63c6ae,0

1438775986729,11,Get people and check update,200,OK,Thread Group: Core: GRUD User 8-4,text,true,,549,4,4,http://172.31.8.205:27474/db/data/transaction/commit,,11,ISO-8859-1,1,0,12ae572e559d,0

1438775986730,7,Get people and check update,200,OK,Thread Group: Core: GRUD User 8-1,text,true,,549,4,4,http://172.31.8.205:27474/db/data/transaction/commit,,7,ISO-8859-1,1,0,12ae572e559d,0

1438775986731,7,Get people and check update,200,OK,Thread Group: Core: GRUD User 8-3,text,true,,549,4,4,http://172.31.8.205:27474/db/data/transaction/commit,,7,ISO-8859-1,1,0,12ae572e559d,0

1438775986741,16,Get people and check update,200,OK,Thread Group: Core: GRUD User 8-2,text,true,,549,4,4,http://172.31.8.205:27474/db/data/transaction/commit,,16,ISO-8859-1,1,0,12ae572e559d,0

1438775986775,8,Get people and check update,200,OK,Thread Group: Core: GRUD User 8-4,text,true,,558,4,4,http://172.31.8.205:27474/db/data/transaction/commit,,8,ISO-8859-1,1,0,99214e63c6ae,0

1438775986776,8,Get people and check update,200,OK,Thread Group: Core: GRUD User 8-2,text,true,,558,4,4,http://172.31.8.205:27474/db/data/transaction/commit,,8,ISO-8859-1,1,0,99214e63c6ae,0

1438775986778,2,Get people and check update,200,OK,Thread Group: Core: GRUD User 8-1,text,true,,558,4,4,http://172.31.8.205:27474/db/data/transaction/commit,,2,ISO-8859-1,1,0,99214e63c6ae,0

1438775986779,3,Get people and check update,200,OK,Thread Group: Core: GRUD User 8-3,text,true,,558,4,4,http://172.31.8.205:27474/db/data/transaction/commit,,2,ISO-8859-1,1,0,99214e63c6ae,0

1438775986796,1,Get people and check update,200,OK,Thread Group: Core: GRUD User 8-3,text,true,,549,4,4,http://172.31.8.205:27474/db/data/transaction/commit,,1,ISO-8859-1,1,0,12ae572e559d,0

1438775986798,2,Get people and check update,200,OK,Thread Group: Core: GRUD User 8-2,text,true,,549,3,3,http://172.31.8.205:27474/db/data/transaction/commit,,2,ISO-8859-1,1,0,12ae572e559d,0

1438775986803,2,Get people and check update,200,OK,Thread Group: Core: GRUD User 8-4,text,true,,549,2,2,http://172.31.8.205:27474/db/data/transaction/commit,,2,ISO-8859-1,1,0,12ae572e559d,0

1438775986806,1,Get people and check update,200,OK,Thread Group: Core: GRUD User 8-1,text,true,,549,1,1,http://172.31.8.205:27474/db/data/transaction/commit,,1,ISO-8859-1,1,0,12ae572e559d,0

1438775986835,16,Get people and check update,200,OK,Thread Group: Core: GRUD User 8-4,text,true,,558,4,4,http://172.31.8.205:27474/db/data/transaction/commit,,16,ISO-8859-1,1,0,99214e63c6ae,0

1438775986843,4,Get people and check update,200,OK,Thread Group: Core: GRUD User 8-2,text,true,,558,4,4,http://172.31.8.205:27474/db/data/transaction/commit,,4,ISO-8859-1,1,0,99214e63c6ae,0

1438775986844,3,Get people and check update,200,OK,Thread Group: Core: GRUD User 8-1,text,true,,558,4,4,http://172.31.8.205:27474/db/data/transaction/commit,,3,ISO-8859-1,1,0,99214e63c6ae,0

1438775986845,7,Get people and check update,200,OK,Thread Group: Core: GRUD User 8-3,text,true,,558,4,4,http://172.31.8.205:27474/db/data/transaction/commit,,7,ISO-8859-1,1,0,99214e63c6ae,0

1438775986898,2,Get people and check update,200,OK,Thread Group: Core: GRUD User 8-3,text,true,,558,4,4,http://172.31.8.205:27474/db/data/transaction/commit,,2,ISO-8859-1,1,0,99214e63c6ae,0

1438775986899,10,Get people and check update,200,OK,Thread Group: Core: GRUD User 8-2,text,true,,558,4,4,http://172.31.8.205:27474/db/data/transaction/commit,,10,ISO-8859-1,1,0,99214e63c6ae,0

1438775986904,2,Get people and check update,200,OK,Thread Group: Core: GRUD User 8-4,text,true,,558,4,4,http://172.31.8.205:27474/db/data/transaction/commit,,2,ISO-8859-1,1,0,99214e63c6ae,0

1438775986908,1,Get people and check update,200,OK,Thread Group: Core: GRUD User 8-1,text,true,,558,4,4,http://172.31.8.205:27474/db/data/transaction/commit,,1,ISO-8859-1,1,0,99214e63c6ae,0

1438775986958,11,Get people and check update,200,OK,Thread Group: Core: GRUD User 8-4,text,true,,558,4,4,http://172.31.8.205:27474/db/data/transaction/commit,,11,ISO-8859-1,1,0,99214e63c6ae,0

1438775986960,10,Get people and check update,200,OK,Thread Group: Core: GRUD User 8-3,text,true,,558,4,4,http://172.31.8.205:27474/db/data/transaction/commit,,10,ISO-8859-1,1,0,99214e63c6ae,0

1438775986972,2,Get people and check update,200,OK,Thread Group: Core: GRUD User 8-2,text,true,,558,2,2,http://172.31.8.205:27474/db/data/transaction/commit,,2,ISO-8859-1,1,0,99214e63c6ae,0

1438775986973,2,Get people and check update,200,OK,Thread Group: Core: GRUD User 8-1,text,true,,558,2,2,http://172.31.8.205:27474/db/data/transaction/commit,,2,ISO-8859-1,1,0,99214e63c6ae,0

