1438775983580,10,Get note,200,OK,Thread Group: Core: Get Component 5-1,text,true,,458,4,4,http://172.31.8.205:27474/db/data/transaction/commit,,10,ISO-8859-1,1,0,985aa859d74d,0

1438775983581,7,Get note,200,OK,Thread Group: Core: Get Component 5-1,text,true,,458,4,4,http://172.31.8.205:27474/db/data/transaction/commit,,7,ISO-8859-1,1,0,12ae572e559d,0

1438775983581,8,Get note,200,OK,Thread Group: Core: Get Component 5-2,text,true,,458,4,4,http://172.31.8.205:27474/db/data/transaction/commit,,8,ISO-8859-1,1,0,12ae572e559d,0

1438775983583,13,Get note,200,OK,Thread Group: Core: Get Component 5-2,text,true,,458,4,4,http://172.31.8.205:27474/db/data/transaction/commit,,13,ISO-8859-1,1,0,985aa859d74d,0

1438775983587,7,Get note,200,OK,Thread Group: Core: Get Component 5-3,text,true,,458,4,4,http://172.31.8.205:27474/db/data/transaction/commit,,7,ISO-8859-1,1,0,12ae572e559d,0

1438775983587,13,Get note,200,OK,Thread Group: Core: Get Component 5-3,text,true,,458,4,4,http://172.31.8.205:27474/db/data/transaction/commit,,13,ISO-8859-1,1,0,985aa859d74d,0

1438775983589,15,Get note,200,OK,Thread Group: Core: Get Component 5-4,text,true,,458,4,4,http://172.31.8.205:27474/db/data/transaction/commit,,15,ISO-8859-1,1,0,985aa859d74d,0

1438775983591,11,Get note,200,OK,Thread Group: Core: Get Component 5-4,text,true,,458,4,4,http://172.31.8.205:27474/db/data/transaction/commit,,11,ISO-8859-1,1,0,12ae572e559d,0

1438775983603,4,Get note,200,OK,Thread Group: Core: Get Component 5-1,text,true,,458,4,4,http://172.31.8.205:27474/db/data/transaction/commit,,4,ISO-8859-1,1,0,12ae572e559d,0

1438775983603,2,Get note,200,OK,Thread Group: Core: Get Component 5-1,text,true,,458,4,4,http://172.31.8.205:27474/db/data/transaction/commit,,2,ISO-8859-1,1,0,985aa859d74d,0

1438775983605,6,Get note,200,OK,Thread Group: Core: Get Component 5-2,text,true,,458,4,4,http://172.31.8.205:27474/db/data/transaction/commit,,6,ISO-8859-1,1,0,12ae572e559d,0

1438775983605,3,Get note,200,OK,Thread Group: Core: Get Component 5-2,text,true,,458,4,4,http://172.31.8.205:27474/db/data/transaction/commit,,3,ISO-8859-1,1,0,985aa859d74d,0

1438775983606,6,Get note,200,OK,Thread Group: Core: Get Component 5-3,text,true,,458,4,4,http://172.31.8.205:27474/db/data/transaction/commit,,6,ISO-8859-1,1,0,985aa859d74d,0

1438775983610,4,Get note,200,OK,Thread Group: Core: Get Component 5-3,text,true,,458,4,4,http://172.31.8.205:27474/db/data/transaction/commit,,4,ISO-8859-1,1,0,12ae572e559d,0

1438775983611,5,Get note,200,OK,Thread Group: Core: Get Component 5-4,text,true,,458,4,4,http://172.31.8.205:27474/db/data/transaction/commit,,5,ISO-8859-1,1,0,985aa859d74d,0

1438775983612,6,Get note,200,OK,Thread Group: Core: Get Component 5-4,text,true,,458,4,4,http://172.31.8.205:27474/db/data/transaction/commit,,6,ISO-8859-1,1,0,12ae572e559d,0

1438775983645,11,Get note,200,OK,Thread Group: Core: Get Component 5-1,text,true,,458,4,4,http://172.31.8.205:27474/db/data/transaction/commit,,11,ISO-8859-1,1,0,99214e63c6ae,0

1438775983653,4,Get note,200,OK,Thread Group: Core: Get Component 5-2,text,true,,458,4,4,http://172.31.8.205:27474/db/data/transaction/commit,,4,ISO-8859-1,1,0,99214e63c6ae,0

1438775983653,12,Get note,200,OK,Thread Group: Core: Get Component 5-3,text,true,,458,4,4,http://172.31.8.205:27474/db/data/transaction/commit,,12,ISO-8859-1,1,0,99214e63c6ae,0

1438775983659,9,Get note,200,OK,Thread Group: Core: Get Component 5-4,text,true,,458,4,4,http://172.31.8.205:27474/db/data/transaction/commit,,9,ISO-8859-1,1,0,99214e63c6ae,0

1438775983663,2,Get note,200,OK,Thread Group: Core: Get Component 5-3,text,true,,458,4,4,http://172.31.8.205:27474/db/data/transaction/commit,,2,ISO-8859-1,1,0,985aa859d74d,0

1438775983667,9,Get note,200,OK,Thread Group: Core: Get Component 5-1,text,true,,458,4,4,http://172.31.8.205:27474/db/data/transaction/commit,,9,ISO-8859-1,1,0,99214e63c6ae,0

1438775983669,1,Get note,200,OK,Thread Group: Core: Get Component 5-3,text,true,,458,4,4,http://172.31.8.205:27474/db/data/transaction/commit,,1,ISO-8859-1,1,0,985aa859d74d,0

1438775983674,9,Get note,200,OK,Thread Group: Core: Get Component 5-3,text,true,,458,4,4,http://172.31.8.205:27474/db/data/transaction/commit,,9,ISO-8859-1,1,0,99214e63c6ae,0

1438775983674,4,Get note,200,OK,Thread Group: Core: Get Component 5-4,text,true,,458,4,4,http://172.31.8.205:27474/db/data/transaction/commit,,4,ISO-8859-1,1,0,12ae572e559d,0

1438775983675,5,Get note,200,OK,Thread Group: Core: Get Component 5-2,text,true,,458,4,4,http://172.31.8.205:27474/db/data/transaction/commit,,5,ISO-8859-1,1,0,99214e63c6ae,0

1438775983675,11,Get note,200,OK,Thread Group: Core: Get Component 5-3,text,true,,458,4,4,http://172.31.8.205:27474/db/data/transaction/commit,,4,ISO-8859-1,1,0,985aa859d74d,0

1438775983676,4,Get note,200,OK,Thread Group: Core: Get Component 5-4,text,true,,458,4,4,http://172.31.8.205:27474/db/data/transaction/commit,,4,ISO-8859-1,1,0,985aa859d74d,0

1438775983679,1,Get note,200,OK,Thread Group: Core: Get Component 5-1,text,true,,458,4,4,http://172.31.8.205:27474/db/data/transaction/commit,,1,ISO-8859-1,1,0,985aa859d74d,0

1438775983680,1,Get note,200,OK,Thread Group: Core: Get Component 5-2,text,true,,458,4,4,http://172.31.8.205:27474/db/data/transaction/commit,,1,ISO-8859-1,1,0,985aa859d74d,0

1438775983681,8,Get note,200,OK,Thread Group: Core: Get Component 5-4,text,true,,458,4,4,http://172.31.8.205:27474/db/data/transaction/commit,,8,ISO-8859-1,1,0,99214e63c6ae,0

1438775983683,2,Get note,200,OK,Thread Group: Core: Get Component 5-4,text,true,,458,4,4,http://172.31.8.205:27474/db/data/transaction/commit,,2,ISO-8859-1,1,0,12ae572e559d,0

1438775983684,5,Get note,200,OK,Thread Group: Core: Get Component 5-1,text,true,,458,4,4,http://172.31.8.205:27474/db/data/transaction/commit,,5,ISO-8859-1,1,0,985aa859d74d,0

1438775983686,1,Get note,200,OK,Thread Group: Core: Get Component 5-2,text,true,,458,4,4,http://172.31.8.205:27474/db/data/transaction/commit,,1,ISO-8859-1,1,0,985aa859d74d,0

1438775983689,2,Get note,200,OK,Thread Group: Core: Get Component 5-4,text,true,,458,4,4,http://172.31.8.205:27474/db/data/transaction/commit,,2,ISO-8859-1,1,0,12ae572e559d,0

1438775983690,8,Get note,200,OK,Thread Group: Core: Get Component 5-4,text,true,,458,4,4,http://172.31.8.205:27474/db/data/transaction/commit,,8,ISO-8859-1,1,0,985aa859d74d,0

1438775983697,3,Get note,200,OK,Thread Group: Core: Get Component 5-2,text,true,,458,4,4,http://172.31.8.205:27474/db/data/transaction/commit,,3,ISO-8859-1,1,0,985aa859d74d,0

1438775983699,2,Get note,200,OK,Thread Group: Core: Get Component 5-1,text,true,,458,4,4,http://172.31.8.205:27474/db/data/transaction/commit,,2,ISO-8859-1,1,0,985aa859d74d,0

1438775983700,2,Get note,200,OK,Thread Group: Core: Get Component 5-2,text,true,,458,3,3,http://172.31.8.205:27474/db/data/transaction/commit,,2,ISO-8859-1,1,0,12ae572e559d,0

1438775983705,3,Get note,200,OK,Thread Group: Core: Get Component 5-4,text,true,,458,3,3,http://172.31.8.205:27474/db/data/transaction/commit,,3,ISO-8859-1,1,0,985aa859d74d,0

1438775983706,5,Get note,200,OK,Thread Group: Core: Get Component 5-2,text,true,,458,3,3,http://172.31.8.205:27474/db/data/transaction/commit,,5,ISO-8859-1,1,0,12ae572e559d,0

1438775983709,1,Get note,200,OK,Thread Group: Core: Get Component 5-3,text,true,,458,3,3,http://172.31.8.205:27474/db/data/transaction/commit,,1,ISO-8859-1,1,0,12ae572e559d,0

1438775983714,2,Get note,200,OK,Thread Group: Core: Get Component 5-1,text,true,,458,3,3,http://172.31.8.205:27474/db/data/transaction/commit,,2,ISO-8859-1,1,0,12ae572e559d,0

1438775983717,9,Get note,200,OK,Thread Group: Core: Get Component 5-3,text,true,,458,3,3,http://172.31.8.205:27474/db/data/transaction/commit,,9,ISO-8859-1,1,0,12ae572e559d,0

1438775983722,6,Get note,200,OK,Thread Group: Core: Get Component 5-1,text,true,,458,3,3,http://172.31.8.205:27474/db/data/transaction/commit,,6,ISO-8859-1,1,0,12ae572e559d,0

1438775983729,3,Get note,200,OK,Thread Group: Core: Get Component 5-2,text,true,,458,3,3,http://172.31.8.205:27474/db/data/transaction/commit,,3,ISO-8859-1,1,0,12ae572e559d,0

1438775983734,5,Get note,200,OK,Thread Group: Core: Get Component 5-3,text,true,,458,3,3,http://172.31.8.205:27474/db/data/transaction/commit,,5,ISO-8859-1,1,0,12ae572e559d,0

1438775983738,2,Get note,200,OK,Thread Group: Core: Get Component 5-1,text,true,,458,3,3,http://172.31.8.205:27474/db/data/transaction/commit,,2,ISO-8859-1,1,0,12ae572e559d,0

1438775983743,2,Get note,200,OK,Thread Group: Core: Get Component 5-4,text,true,,458,4,4,http://172.31.8.205:27474/db/data/transaction/commit,,2,ISO-8859-1,1,0,99214e63c6ae,0

1438775983750,3,Get note,200,OK,Thread Group: Core: Get Component 5-4,text,true,,458,4,4,http://172.31.8.205:27474/db/data/transaction/commit,,3,ISO-8859-1,1,0,99214e63c6ae,0

1438775983757,2,Get note,200,OK,Thread Group: Core: Get Component 5-4,text,true,,458,4,4,http://172.31.8.205:27474/db/data/transaction/commit,,2,ISO-8859-1,1,0,99214e63c6ae,0

1438775983798,2,Get note,200,OK,Thread Group: Core: Get Component 5-1,text,true,,458,3,3,http://172.31.8.205:27474/db/data/transaction/commit,,2,ISO-8859-1,1,0,99214e63c6ae,0

1438775983806,2,Get note,200,OK,Thread Group: Core: Get Component 5-1,text,true,,458,3,3,http://172.31.8.205:27474/db/data/transaction/commit,,2,ISO-8859-1,1,0,99214e63c6ae,0

1438775983812,2,Get note,200,OK,Thread Group: Core: Get Component 5-1,text,true,,458,3,3,http://172.31.8.205:27474/db/data/transaction/commit,,2,ISO-8859-1,1,0,99214e63c6ae,0

1438775983830,2,Get note,200,OK,Thread Group: Core: Get Component 5-2,text,true,,458,2,2,http://172.31.8.205:27474/db/data/transaction/commit,,2,ISO-8859-1,1,0,99214e63c6ae,0

1438775983832,2,Get note,200,OK,Thread Group: Core: Get Component 5-3,text,true,,458,2,2,http://172.31.8.205:27474/db/data/transaction/commit,,2,ISO-8859-1,1,0,99214e63c6ae,0

1438775983840,3,Get note,200,OK,Thread Group: Core: Get Component 5-2,text,true,,458,2,2,http://172.31.8.205:27474/db/data/transaction/commit,,3,ISO-8859-1,1,0,99214e63c6ae,0

1438775983849,4,Get note,200,OK,Thread Group: Core: Get Component 5-3,text,true,,458,2,2,http://172.31.8.205:27474/db/data/transaction/commit,,4,ISO-8859-1,1,0,99214e63c6ae,0

1438775983856,2,Get note,200,OK,Thread Group: Core: Get Component 5-2,text,true,,458,2,2,http://172.31.8.205:27474/db/data/transaction/commit,,2,ISO-8859-1,1,0,99214e63c6ae,0

1438775983859,2,Get note,200,OK,Thread Group: Core: Get Component 5-3,text,true,,458,2,2,http://172.31.8.205:27474/db/data/transaction/commit,,2,ISO-8859-1,1,0,99214e63c6ae,0

