1438775986601,11,Get owned components for person,200,OK,Thread Group: Core: GetOwnedComponent 9-1,text,true,,785,4,4,http://172.31.8.205:27474/db/data/transaction/commit,,11,ISO-8859-1,1,0,985aa859d74d,0

1438775986610,11,Get owned components for person,200,OK,Thread Group: Core: GetOwnedComponent 9-2,text,true,,785,4,4,http://172.31.8.205:27474/db/data/transaction/commit,,11,ISO-8859-1,1,0,985aa859d74d,0

1438775986612,8,Get owned components for person,200,OK,Thread Group: Core: GetOwnedComponent 9-1,text,true,,785,4,4,http://172.31.8.205:27474/db/data/transaction/commit,,8,ISO-8859-1,1,0,985aa859d74d,0

1438775986617,9,Get owned components for person,200,OK,Thread Group: Core: GetOwnedComponent 9-3,text,true,,785,4,4,http://172.31.8.205:27474/db/data/transaction/commit,,9,ISO-8859-1,1,0,985aa859d74d,0

1438775986620,5,Get owned components for person,200,OK,Thread Group: Core: GetOwnedComponent 9-1,text,true,,785,4,4,http://172.31.8.205:27474/db/data/transaction/commit,,5,ISO-8859-1,1,0,985aa859d74d,0

1438775986622,5,Get owned components for person,200,OK,Thread Group: Core: GetOwnedComponent 9-2,text,true,,785,4,4,http://172.31.8.205:27474/db/data/transaction/commit,,5,ISO-8859-1,1,0,985aa859d74d,0

1438775986623,5,Get owned components for person,200,OK,Thread Group: Core: GetOwnedComponent 9-4,text,true,,785,4,4,http://172.31.8.205:27474/db/data/transaction/commit,,5,ISO-8859-1,1,0,985aa859d74d,0

1438775986626,4,Get owned components for person,200,OK,Thread Group: Core: GetOwnedComponent 9-1,text,true,,785,4,4,http://172.31.8.205:27474/db/data/transaction/commit,,3,ISO-8859-1,1,0,985aa859d74d,0

1438775986627,4,Get owned components for person,200,OK,Thread Group: Core: GetOwnedComponent 9-3,text,true,,785,4,4,http://172.31.8.205:27474/db/data/transaction/commit,,4,ISO-8859-1,1,0,985aa859d74d,0

1438775986628,3,Get owned components for person,200,OK,Thread Group: Core: GetOwnedComponent 9-2,text,true,,785,4,4,http://172.31.8.205:27474/db/data/transaction/commit,,3,ISO-8859-1,1,0,985aa859d74d,0

1438775986629,6,Get owned components for person,200,OK,Thread Group: Core: GetOwnedComponent 9-4,text,true,,330,4,4,http://172.31.8.205:27474/db/data/transaction/commit,,6,ISO-8859-1,1,0,985aa859d74d,0

1438775986630,4,Get owned components for person,200,OK,Thread Group: Core: GetOwnedComponent 9-1,text,true,,330,4,4,http://172.31.8.205:27474/db/data/transaction/commit,,4,ISO-8859-1,1,0,985aa859d74d,0

1438775986631,5,Get owned components for person,200,OK,Thread Group: Core: GetOwnedComponent 9-3,text,true,,330,4,4,http://172.31.8.205:27474/db/data/transaction/commit,,5,ISO-8859-1,1,0,985aa859d74d,0

1438775986632,4,Get owned components for person,200,OK,Thread Group: Core: GetOwnedComponent 9-2,text,true,,330,4,4,http://172.31.8.205:27474/db/data/transaction/commit,,4,ISO-8859-1,1,0,985aa859d74d,0

1438775986635,4,Get owned components for person,200,OK,Thread Group: Core: GetOwnedComponent 9-4,text,true,,330,4,4,http://172.31.8.205:27474/db/data/transaction/commit,,4,ISO-8859-1,1,0,985aa859d74d,0

1438775986637,5,Get owned components for person,200,OK,Thread Group: Core: GetOwnedComponent 9-2,text,true,,330,3,3,http://172.31.8.205:27474/db/data/transaction/commit,,5,ISO-8859-1,1,0,985aa859d74d,0

1438775986638,5,Get owned components for person,200,OK,Thread Group: Core: GetOwnedComponent 9-3,text,true,,330,3,3,http://172.31.8.205:27474/db/data/transaction/commit,,5,ISO-8859-1,1,0,985aa859d74d,0

1438775986639,5,Get owned components for person,200,OK,Thread Group: Core: GetOwnedComponent 9-4,text,true,,330,2,2,http://172.31.8.205:27474/db/data/transaction/commit,,5,ISO-8859-1,1,0,985aa859d74d,0

1438775986643,5,Get owned components for person,200,OK,Thread Group: Core: GetOwnedComponent 9-3,text,true,,330,2,2,http://172.31.8.205:27474/db/data/transaction/commit,,5,ISO-8859-1,1,0,985aa859d74d,0

1438775986644,5,Get owned components for person,200,OK,Thread Group: Core: GetOwnedComponent 9-4,text,true,,330,2,2,http://172.31.8.205:27474/db/data/transaction/commit,,5,ISO-8859-1,1,0,985aa859d74d,0

1438775986836,10,Get owned components for person,200,OK,Thread Group: Core: GetOwnedComponent 9-1,text,true,,785,4,4,http://172.31.8.205:27474/db/data/transaction/commit,,9,ISO-8859-1,1,0,12ae572e559d,0

1438775986838,9,Get owned components for person,200,OK,Thread Group: Core: GetOwnedComponent 9-2,text,true,,785,4,4,http://172.31.8.205:27474/db/data/transaction/commit,,9,ISO-8859-1,1,0,12ae572e559d,0

1438775986843,17,Get owned components for person,200,OK,Thread Group: Core: GetOwnedComponent 9-4,text,true,,785,4,4,http://172.31.8.205:27474/db/data/transaction/commit,,17,ISO-8859-1,1,0,12ae572e559d,0

1438775986845,9,Get owned components for person,200,OK,Thread Group: Core: GetOwnedComponent 9-3,text,true,,785,4,4,http://172.31.8.205:27474/db/data/transaction/commit,,9,ISO-8859-1,1,0,12ae572e559d,0

1438775986846,9,Get owned components for person,200,OK,Thread Group: Core: GetOwnedComponent 9-1,text,true,,785,4,4,http://172.31.8.205:27474/db/data/transaction/commit,,9,ISO-8859-1,1,0,12ae572e559d,0

1438775986847,9,Get owned components for person,200,OK,Thread Group: Core: GetOwnedComponent 9-2,text,true,,785,4,4,http://172.31.8.205:27474/db/data/transaction/commit,,9,ISO-8859-1,1,0,12ae572e559d,0

1438775986854,13,Get owned components for person,200,OK,Thread Group: Core: GetOwnedComponent 9-3,text,true,,785,4,4,http://172.31.8.205:27474/db/data/transaction/commit,,13,ISO-8859-1,1,0,12ae572e559d,0

1438775986855,7,Get owned components for person,200,OK,Thread Group: Core: GetOwnedComponent 9-1,text,true,,785,4,4,http://172.31.8.205:27474/db/data/transaction/commit,,7,ISO-8859-1,1,0,12ae572e559d,0

1438775986856,7,Get owned components for person,200,OK,Thread Group: Core: GetOwnedComponent 9-2,text,true,,785,4,4,http://172.31.8.205:27474/db/data/transaction/commit,,7,ISO-8859-1,1,0,12ae572e559d,0

1438775986860,4,Get owned components for person,200,OK,Thread Group: Core: GetOwnedComponent 9-4,text,true,,785,4,4,http://172.31.8.205:27474/db/data/transaction/commit,,4,ISO-8859-1,1,0,12ae572e559d,0

1438775986862,7,Get owned components for person,200,OK,Thread Group: Core: GetOwnedComponent 9-1,text,true,,330,4,4,http://172.31.8.205:27474/db/data/transaction/commit,,7,ISO-8859-1,1,0,12ae572e559d,0

1438775986863,7,Get owned components for person,200,OK,Thread Group: Core: GetOwnedComponent 9-2,text,true,,330,4,4,http://172.31.8.205:27474/db/data/transaction/commit,,7,ISO-8859-1,1,0,12ae572e559d,0

1438775986865,9,Get owned components for person,200,OK,Thread Group: Core: GetOwnedComponent 9-4,text,true,,330,4,4,http://172.31.8.205:27474/db/data/transaction/commit,,9,ISO-8859-1,1,0,12ae572e559d,0

1438775986868,5,Get owned components for person,200,OK,Thread Group: Core: GetOwnedComponent 9-3,text,true,,330,4,4,http://172.31.8.205:27474/db/data/transaction/commit,,5,ISO-8859-1,1,0,12ae572e559d,0

1438775986869,13,Get owned components for person,200,OK,Thread Group: Core: GetOwnedComponent 9-1,text,true,,330,3,3,http://172.31.8.205:27474/db/data/transaction/commit,,13,ISO-8859-1,1,0,12ae572e559d,0

1438775986870,7,Get owned components for person,200,OK,Thread Group: Core: GetOwnedComponent 9-2,text,true,,330,4,4,http://172.31.8.205:27474/db/data/transaction/commit,,7,ISO-8859-1,1,0,12ae572e559d,0

1438775986873,6,Get owned components for person,200,OK,Thread Group: Core: GetOwnedComponent 9-3,text,true,,330,3,3,http://172.31.8.205:27474/db/data/transaction/commit,,6,ISO-8859-1,1,0,12ae572e559d,0

1438775986874,7,Get owned components for person,200,OK,Thread Group: Core: GetOwnedComponent 9-4,text,true,,330,3,3,http://172.31.8.205:27474/db/data/transaction/commit,,7,ISO-8859-1,1,0,12ae572e559d,0

1438775986879,6,Get owned components for person,200,OK,Thread Group: Core: GetOwnedComponent 9-3,text,true,,330,2,2,http://172.31.8.205:27474/db/data/transaction/commit,,6,ISO-8859-1,1,0,12ae572e559d,0

1438775986882,6,Get owned components for person,200,OK,Thread Group: Core: GetOwnedComponent 9-4,text,true,,330,1,1,http://172.31.8.205:27474/db/data/transaction/commit,,6,ISO-8859-1,1,0,12ae572e559d,0

1438775986991,22,Get owned components for person,200,OK,Thread Group: Core: GetOwnedComponent 9-1,text,true,,785,4,4,http://172.31.8.205:27474/db/data/transaction/commit,,22,ISO-8859-1,1,0,99214e63c6ae,0

1438775986996,23,Get owned components for person,200,OK,Thread Group: Core: GetOwnedComponent 9-2,text,true,,785,4,4,http://172.31.8.205:27474/db/data/transaction/commit,,22,ISO-8859-1,1,0,99214e63c6ae,0

1438775987005,23,Get owned components for person,200,OK,Thread Group: Core: GetOwnedComponent 9-4,text,true,,785,4,4,http://172.31.8.205:27474/db/data/transaction/commit,,23,ISO-8859-1,1,0,99214e63c6ae,0

1438775987013,8,Get owned components for person,200,OK,Thread Group: Core: GetOwnedComponent 9-1,text,true,,785,4,4,http://172.31.8.205:27474/db/data/transaction/commit,,8,ISO-8859-1,1,0,99214e63c6ae,0

1438775987017,9,Get owned components for person,200,OK,Thread Group: Core: GetOwnedComponent 9-3,text,true,,785,4,4,http://172.31.8.205:27474/db/data/transaction/commit,,9,ISO-8859-1,1,0,99214e63c6ae,0

1438775987019,5,Get owned components for person,200,OK,Thread Group: Core: GetOwnedComponent 9-2,text,true,,785,4,4,http://172.31.8.205:27474/db/data/transaction/commit,,5,ISO-8859-1,1,0,99214e63c6ae,0

1438775987022,7,Get owned components for person,200,OK,Thread Group: Core: GetOwnedComponent 9-1,text,true,,785,4,4,http://172.31.8.205:27474/db/data/transaction/commit,,7,ISO-8859-1,1,0,99214e63c6ae,0

1438775987024,11,Get owned components for person,200,OK,Thread Group: Core: GetOwnedComponent 9-2,text,true,,785,4,4,http://172.31.8.205:27474/db/data/transaction/commit,,11,ISO-8859-1,1,0,99214e63c6ae,0

1438775987027,4,Get owned components for person,200,OK,Thread Group: Core: GetOwnedComponent 9-3,text,true,,785,4,4,http://172.31.8.205:27474/db/data/transaction/commit,,4,ISO-8859-1,1,0,99214e63c6ae,0

1438775987028,9,Get owned components for person,200,OK,Thread Group: Core: GetOwnedComponent 9-4,text,true,,785,4,4,http://172.31.8.205:27474/db/data/transaction/commit,,9,ISO-8859-1,1,0,99214e63c6ae,0

1438775987030,10,Get owned components for person,200,OK,Thread Group: Core: GetOwnedComponent 9-1,text,true,,330,4,4,http://172.31.8.205:27474/db/data/transaction/commit,,10,ISO-8859-1,1,0,99214e63c6ae,0

1438775987031,7,Get owned components for person,200,OK,Thread Group: Core: GetOwnedComponent 9-3,text,true,,330,4,4,http://172.31.8.205:27474/db/data/transaction/commit,,7,ISO-8859-1,1,0,99214e63c6ae,0

1438775987036,5,Get owned components for person,200,OK,Thread Group: Core: GetOwnedComponent 9-2,text,true,,330,4,4,http://172.31.8.205:27474/db/data/transaction/commit,,5,ISO-8859-1,1,0,99214e63c6ae,0

1438775987037,6,Get owned components for person,200,OK,Thread Group: Core: GetOwnedComponent 9-4,text,true,,330,4,4,http://172.31.8.205:27474/db/data/transaction/commit,,6,ISO-8859-1,1,0,99214e63c6ae,0

1438775987039,5,Get owned components for person,200,OK,Thread Group: Core: GetOwnedComponent 9-3,text,true,,330,4,4,http://172.31.8.205:27474/db/data/transaction/commit,,5,ISO-8859-1,1,0,99214e63c6ae,0

1438775987040,10,Get owned components for person,200,OK,Thread Group: Core: GetOwnedComponent 9-1,text,true,,330,4,4,http://172.31.8.205:27474/db/data/transaction/commit,,10,ISO-8859-1,1,0,99214e63c6ae,0

1438775987042,10,Get owned components for person,200,OK,Thread Group: Core: GetOwnedComponent 9-2,text,true,,330,4,4,http://172.31.8.205:27474/db/data/transaction/commit,,10,ISO-8859-1,1,0,99214e63c6ae,0

1438775987044,7,Get owned components for person,200,OK,Thread Group: Core: GetOwnedComponent 9-3,text,true,,330,4,4,http://172.31.8.205:27474/db/data/transaction/commit,,7,ISO-8859-1,1,0,99214e63c6ae,0

1438775987046,7,Get owned components for person,200,OK,Thread Group: Core: GetOwnedComponent 9-4,text,true,,330,4,4,http://172.31.8.205:27474/db/data/transaction/commit,,7,ISO-8859-1,1,0,99214e63c6ae,0

1438775987053,5,Get owned components for person,200,OK,Thread Group: Core: GetOwnedComponent 9-4,text,true,,330,1,1,http://172.31.8.205:27474/db/data/transaction/commit,,5,ISO-8859-1,1,0,99214e63c6ae,0

