1438775983993,2,Hole Elemente des Workspace,200,OK,Thread Group: getWorkspaceItems 7-1,text,true,,1165,1,1,http://172.31.8.205:27474/db/data/transaction/commit,,2,ISO-8859-1,1,0,985aa859d74d,0

1438775984061,2,Hole Elemente des Workspace,200,OK,Thread Group: getWorkspaceItems 7-1,text,true,,1165,1,1,http://172.31.8.205:27474/db/data/transaction/commit,,2,ISO-8859-1,1,0,12ae572e559d,0

1438775984169,2,Hole Elemente des Workspace,200,OK,Thread Group: getWorkspaceItems 7-1,text,true,,1165,1,1,http://172.31.8.205:27474/db/data/transaction/commit,,2,ISO-8859-1,1,0,99214e63c6ae,0

1438775984391,3,Hole Elemente des Workspace,200,OK,Thread Group: getWorkspaceItems 7-1,text,true,,1174,3,3,http://172.31.8.205:27474/db/data/transaction/commit,,3,ISO-8859-1,1,0,985aa859d74d,0

1438775984426,4,Hole Elemente des Workspace,200,OK,Thread Group: getWorkspaceItems 7-2,text,true,,1174,3,3,http://172.31.8.205:27474/db/data/transaction/commit,,4,ISO-8859-1,1,0,985aa859d74d,0

1438775984455,4,Hole Elemente des Workspace,200,OK,Thread Group: getWorkspaceItems 7-1,text,true,,1174,3,3,http://172.31.8.205:27474/db/data/transaction/commit,,4,ISO-8859-1,1,0,12ae572e559d,0

1438775984507,5,Hole Elemente des Workspace,200,OK,Thread Group: getWorkspaceItems 7-2,text,true,,1174,3,3,http://172.31.8.205:27474/db/data/transaction/commit,,5,ISO-8859-1,1,0,12ae572e559d,0

1438775984542,2,Hole Elemente des Workspace,200,OK,Thread Group: getWorkspaceItems 7-1,text,true,,1174,3,3,http://172.31.8.205:27474/db/data/transaction/commit,,2,ISO-8859-1,1,0,99214e63c6ae,0

1438775984589,8,Hole Elemente des Workspace,200,OK,Thread Group: getWorkspaceItems 7-3,text,true,,1174,4,4,http://172.31.8.205:27474/db/data/transaction/commit,,8,ISO-8859-1,1,0,12ae572e559d,0

1438775984680,3,Hole Elemente des Workspace,200,OK,Thread Group: getWorkspaceItems 7-2,text,true,,1174,3,3,http://172.31.8.205:27474/db/data/transaction/commit,,3,ISO-8859-1,1,0,99214e63c6ae,0

1438775984704,6,Hole Elemente des Workspace,200,OK,Thread Group: getWorkspaceItems 7-3,text,true,,1174,4,4,http://172.31.8.205:27474/db/data/transaction/commit,,6,ISO-8859-1,1,0,985aa859d74d,0

1438775984730,3,Hole Elemente des Workspace,200,OK,Thread Group: getWorkspaceItems 7-3,text,true,,1174,4,4,http://172.31.8.205:27474/db/data/transaction/commit,,3,ISO-8859-1,1,0,99214e63c6ae,0

1438775984826,6,Hole Elemente des Workspace,200,OK,Thread Group: getWorkspaceItems 7-2,text,true,,1174,4,4,http://172.31.8.205:27474/db/data/transaction/commit,,6,ISO-8859-1,1,0,985aa859d74d,0

1438775984833,4,Hole Elemente des Workspace,200,OK,Thread Group: getWorkspaceItems 7-1,text,true,,1174,4,4,http://172.31.8.205:27474/db/data/transaction/commit,,4,ISO-8859-1,1,0,985aa859d74d,0

1438775984848,6,Hole Elemente des Workspace,200,OK,Thread Group: getWorkspaceItems 7-1,text,true,,1174,4,4,http://172.31.8.205:27474/db/data/transaction/commit,,6,ISO-8859-1,1,0,12ae572e559d,0

1438775984865,4,Hole Elemente des Workspace,200,OK,Thread Group: getWorkspaceItems 7-4,text,true,,925,4,4,http://172.31.8.205:27474/db/data/transaction/commit,,4,ISO-8859-1,1,0,985aa859d74d,0

1438775984887,9,Hole Elemente des Workspace,200,OK,Thread Group: getWorkspaceItems 7-1,text,true,,1174,4,4,http://172.31.8.205:27474/db/data/transaction/commit,,9,ISO-8859-1,1,0,99214e63c6ae,0

1438775984911,3,Hole Elemente des Workspace,200,OK,Thread Group: getWorkspaceItems 7-3,text,true,,433,4,4,http://172.31.8.205:27474/db/data/transaction/commit,,3,ISO-8859-1,1,0,985aa859d74d,0

1438775984927,8,Hole Elemente des Workspace,200,OK,Thread Group: getWorkspaceItems 7-2,text,true,,1174,4,4,http://172.31.8.205:27474/db/data/transaction/commit,,8,ISO-8859-1,1,0,12ae572e559d,0

1438775984973,4,Hole Elemente des Workspace,200,OK,Thread Group: getWorkspaceItems 7-4,text,true,,679,4,4,http://172.31.8.205:27474/db/data/transaction/commit,,4,ISO-8859-1,1,0,12ae572e559d,0

1438775985021,11,Hole Elemente des Workspace,200,OK,Thread Group: getWorkspaceItems 7-2,text,true,,925,4,4,http://172.31.8.205:27474/db/data/transaction/commit,,11,ISO-8859-1,1,0,99214e63c6ae,0

1438775985049,4,Hole Elemente des Workspace,200,OK,Thread Group: getWorkspaceItems 7-3,text,true,,679,4,4,http://172.31.8.205:27474/db/data/transaction/commit,,4,ISO-8859-1,1,0,12ae572e559d,0

1438775985092,6,Hole Elemente des Workspace,200,OK,Thread Group: getWorkspaceItems 7-1,text,true,,435,4,4,http://172.31.8.205:27474/db/data/transaction/commit,,6,ISO-8859-1,1,0,12ae572e559d,0

1438775985157,3,Hole Elemente des Workspace,200,OK,Thread Group: getWorkspaceItems 7-3,text,true,,681,4,4,http://172.31.8.205:27474/db/data/transaction/commit,,3,ISO-8859-1,1,0,99214e63c6ae,0

1438775985169,7,Hole Elemente des Workspace,200,OK,Thread Group: getWorkspaceItems 7-4,text,true,,435,4,4,http://172.31.8.205:27474/db/data/transaction/commit,,6,ISO-8859-1,1,0,985aa859d74d,0

1438775985183,8,Hole Elemente des Workspace,200,OK,Thread Group: getWorkspaceItems 7-3,text,true,,435,4,4,http://172.31.8.205:27474/db/data/transaction/commit,,8,ISO-8859-1,1,0,985aa859d74d,0

1438775985188,6,Hole Elemente des Workspace,200,OK,Thread Group: getWorkspaceItems 7-4,text,true,,927,4,4,http://172.31.8.205:27474/db/data/transaction/commit,,6,ISO-8859-1,1,0,99214e63c6ae,0

1438775985223,10,Hole Elemente des Workspace,200,OK,Thread Group: getWorkspaceItems 7-2,text,true,,435,4,4,http://172.31.8.205:27474/db/data/transaction/commit,,10,ISO-8859-1,1,0,12ae572e559d,0

1438775985231,6,Hole Elemente des Workspace,200,OK,Thread Group: getWorkspaceItems 7-1,text,true,,433,4,4,http://172.31.8.205:27474/db/data/transaction/commit,,6,ISO-8859-1,1,0,99214e63c6ae,0

1438775985245,4,Hole Elemente des Workspace,200,OK,Thread Group: getWorkspaceItems 7-2,text,true,,435,4,4,http://172.31.8.205:27474/db/data/transaction/commit,,4,ISO-8859-1,1,0,985aa859d74d,0

1438775985245,7,Hole Elemente des Workspace,200,OK,Thread Group: getWorkspaceItems 7-1,text,true,,435,4,4,http://172.31.8.205:27474/db/data/transaction/commit,,7,ISO-8859-1,1,0,985aa859d74d,0

1438775985354,11,Hole Elemente des Workspace,200,OK,Thread Group: getWorkspaceItems 7-4,text,true,,435,4,4,http://172.31.8.205:27474/db/data/transaction/commit,,11,ISO-8859-1,1,0,12ae572e559d,0

1438775985360,8,Hole Elemente des Workspace,200,OK,Thread Group: getWorkspaceItems 7-2,text,true,,435,4,4,http://172.31.8.205:27474/db/data/transaction/commit,,8,ISO-8859-1,1,0,99214e63c6ae,0

1438775985368,7,Hole Elemente des Workspace,200,OK,Thread Group: getWorkspaceItems 7-3,text,true,,435,4,4,http://172.31.8.205:27474/db/data/transaction/commit,,7,ISO-8859-1,1,0,12ae572e559d,0

1438775985404,9,Hole Elemente des Workspace,200,OK,Thread Group: getWorkspaceItems 7-1,text,true,,435,4,4,http://172.31.8.205:27474/db/data/transaction/commit,,9,ISO-8859-1,1,0,12ae572e559d,0

1438775985485,7,Hole Elemente des Workspace,200,OK,Thread Group: getWorkspaceItems 7-3,text,true,,435,4,4,http://172.31.8.205:27474/db/data/transaction/commit,,7,ISO-8859-1,1,0,99214e63c6ae,0

1438775985502,25,Hole Elemente des Workspace,200,OK,Thread Group: getWorkspaceItems 7-4,text,true,,435,4,4,http://172.31.8.205:27474/db/data/transaction/commit,,25,ISO-8859-1,1,0,99214e63c6ae,0

1438775985514,4,Hole Elemente des Workspace,200,OK,Thread Group: getWorkspaceItems 7-3,text,true,,435,4,4,http://172.31.8.205:27474/db/data/transaction/commit,,4,ISO-8859-1,1,0,985aa859d74d,0

1438775985520,4,Hole Elemente des Workspace,200,OK,Thread Group: getWorkspaceItems 7-4,text,true,,433,4,4,http://172.31.8.205:27474/db/data/transaction/commit,,4,ISO-8859-1,1,0,985aa859d74d,0

1438775985545,3,Hole Elemente des Workspace,200,OK,Thread Group: getWorkspaceItems 7-2,text,true,,433,4,4,http://172.31.8.205:27474/db/data/transaction/commit,,3,ISO-8859-1,1,0,985aa859d74d,0

1438775985550,10,Hole Elemente des Workspace,200,OK,Thread Group: getWorkspaceItems 7-1,text,true,,435,4,4,http://172.31.8.205:27474/db/data/transaction/commit,,10,ISO-8859-1,1,0,99214e63c6ae,0

1438775985572,7,Hole Elemente des Workspace,200,OK,Thread Group: getWorkspaceItems 7-1,text,true,,435,4,4,http://172.31.8.205:27474/db/data/transaction/commit,,7,ISO-8859-1,1,0,985aa859d74d,0

1438775985662,8,Hole Elemente des Workspace,200,OK,Thread Group: getWorkspaceItems 7-2,text,true,,433,3,3,http://172.31.8.205:27474/db/data/transaction/commit,,8,ISO-8859-1,1,0,12ae572e559d,0

1438775985672,5,Hole Elemente des Workspace,200,OK,Thread Group: getWorkspaceItems 7-4,text,true,,433,3,3,http://172.31.8.205:27474/db/data/transaction/commit,,5,ISO-8859-1,1,0,12ae572e559d,0

1438775985753,7,Hole Elemente des Workspace,200,OK,Thread Group: getWorkspaceItems 7-2,text,true,,431,3,3,http://172.31.8.205:27474/db/data/transaction/commit,,7,ISO-8859-1,1,0,99214e63c6ae,0

1438775985755,4,Hole Elemente des Workspace,200,OK,Thread Group: getWorkspaceItems 7-3,text,true,,435,3,3,http://172.31.8.205:27474/db/data/transaction/commit,,4,ISO-8859-1,1,0,12ae572e559d,0

1438775985758,5,Hole Elemente des Workspace,200,OK,Thread Group: getWorkspaceItems 7-2,text,true,,435,3,3,http://172.31.8.205:27474/db/data/transaction/commit,,5,ISO-8859-1,1,0,985aa859d74d,0

1438775985781,4,Hole Elemente des Workspace,200,OK,Thread Group: getWorkspaceItems 7-4,text,true,,435,2,2,http://172.31.8.205:27474/db/data/transaction/commit,,4,ISO-8859-1,1,0,985aa859d74d,0

1438775985791,9,Hole Elemente des Workspace,200,OK,Thread Group: getWorkspaceItems 7-3,text,true,,435,2,2,http://172.31.8.205:27474/db/data/transaction/commit,,9,ISO-8859-1,1,0,985aa859d74d,0

1438775985850,12,Hole Elemente des Workspace,200,OK,Thread Group: getWorkspaceItems 7-3,text,true,,435,3,3,http://172.31.8.205:27474/db/data/transaction/commit,,12,ISO-8859-1,1,0,99214e63c6ae,0

1438775985905,6,Hole Elemente des Workspace,200,OK,Thread Group: getWorkspaceItems 7-4,text,true,,435,3,3,http://172.31.8.205:27474/db/data/transaction/commit,,6,ISO-8859-1,1,0,99214e63c6ae,0

1438775985919,5,Hole Elemente des Workspace,200,OK,Thread Group: getWorkspaceItems 7-2,text,true,,435,3,3,http://172.31.8.205:27474/db/data/transaction/commit,,5,ISO-8859-1,1,0,12ae572e559d,0

1438775985927,5,Hole Elemente des Workspace,200,OK,Thread Group: getWorkspaceItems 7-4,text,true,,435,2,2,http://172.31.8.205:27474/db/data/transaction/commit,,5,ISO-8859-1,1,0,12ae572e559d,0

1438775985957,4,Hole Elemente des Workspace,200,OK,Thread Group: getWorkspaceItems 7-3,text,true,,435,2,2,http://172.31.8.205:27474/db/data/transaction/commit,,4,ISO-8859-1,1,0,12ae572e559d,0

1438775985965,4,Hole Elemente des Workspace,200,OK,Thread Group: getWorkspaceItems 7-2,text,true,,435,3,3,http://172.31.8.205:27474/db/data/transaction/commit,,4,ISO-8859-1,1,0,99214e63c6ae,0

1438775986060,4,Hole Elemente des Workspace,200,OK,Thread Group: getWorkspaceItems 7-4,text,true,,435,1,1,http://172.31.8.205:27474/db/data/transaction/commit,,4,ISO-8859-1,1,0,985aa859d74d,0

1438775986064,4,Hole Elemente des Workspace,200,OK,Thread Group: getWorkspaceItems 7-3,text,true,,435,2,2,http://172.31.8.205:27474/db/data/transaction/commit,,4,ISO-8859-1,1,0,99214e63c6ae,0

1438775986114,5,Hole Elemente des Workspace,200,OK,Thread Group: getWorkspaceItems 7-4,text,true,,435,1,1,http://172.31.8.205:27474/db/data/transaction/commit,,5,ISO-8859-1,1,0,99214e63c6ae,0

1438775986186,6,Hole Elemente des Workspace,200,OK,Thread Group: getWorkspaceItems 7-4,text,true,,435,1,1,http://172.31.8.205:27474/db/data/transaction/commit,,6,ISO-8859-1,1,0,12ae572e559d,0

1438775986355,4,Hole Elemente des Workspace,200,OK,Thread Group: getWorkspaceItems 7-4,text,true,,435,1,1,http://172.31.8.205:27474/db/data/transaction/commit,,4,ISO-8859-1,1,0,99214e63c6ae,0

