1438775989330,318,LinkedList: Check access Short,200,OK,Thread Group: LinkedList - get short 13-1,text,true,,245,5,5,http://172.31.8.205:27474/db/data/transaction/commit,,318,ISO-8859-1,1,0,985aa859d74d,0

1438775989345,278,LinkedList: Check access Short,200,OK,Thread Group: LinkedList - get short 13-3,text,true,,244,5,5,http://172.31.8.205:27474/db/data/transaction/commit,,278,ISO-8859-1,1,0,985aa859d74d,0

1438775989346,296,LinkedList: Check access Short,200,OK,Thread Group: LinkedList - get short 13-2,text,true,,245,5,5,http://172.31.8.205:27474/db/data/transaction/commit,,296,ISO-8859-1,1,0,985aa859d74d,0

1438775989349,340,LinkedList: Check access Short,200,OK,Thread Group: LinkedList - get short 13-4,text,true,,245,5,5,http://172.31.8.205:27474/db/data/transaction/commit,,339,ISO-8859-1,1,0,985aa859d74d,0

1438775989354,342,LinkedList: Check access Short,200,OK,Thread Group: LinkedList - get short 13-5,text,true,,245,5,5,http://172.31.8.205:27474/db/data/transaction/commit,,342,ISO-8859-1,1,0,985aa859d74d,0

1438775989653,346,LinkedList: Check access Short,200,OK,Thread Group: LinkedList - get short 13-1,text,true,,244,5,5,http://172.31.8.205:27474/db/data/transaction/commit,,346,ISO-8859-1,1,0,985aa859d74d,0

1438775989660,356,LinkedList: Check access Short,200,OK,Thread Group: LinkedList - get short 13-3,text,true,,245,4,4,http://172.31.8.205:27474/db/data/transaction/commit,,356,ISO-8859-1,1,0,985aa859d74d,0

1438775989663,386,LinkedList: Check access Short,200,OK,Thread Group: LinkedList - get short 13-2,text,true,,244,3,3,http://172.31.8.205:27474/db/data/transaction/commit,,386,ISO-8859-1,1,0,985aa859d74d,0

1438775989704,367,LinkedList: Check access Short,200,OK,Thread Group: LinkedList - get short 13-5,text,true,,245,2,2,http://172.31.8.205:27474/db/data/transaction/commit,,367,ISO-8859-1,1,0,985aa859d74d,0

1438775989706,661,LinkedList: Check access Short,200,OK,Thread Group: LinkedList - get short 13-4,text,true,,245,1,1,http://172.31.8.205:27474/db/data/transaction/commit,,661,ISO-8859-1,1,0,985aa859d74d,0

1438775989808,388,LinkedList: Check access Short,200,OK,Thread Group: LinkedList - get short 13-1,text,true,,245,5,5,http://172.31.8.205:27474/db/data/transaction/commit,,387,ISO-8859-1,1,0,12ae572e559d,0

1438775989819,394,LinkedList: Check access Short,200,OK,Thread Group: LinkedList - get short 13-2,text,true,,245,5,5,http://172.31.8.205:27474/db/data/transaction/commit,,394,ISO-8859-1,1,0,12ae572e559d,0

1438775989825,725,LinkedList: Check access Short,200,OK,Thread Group: LinkedList - get short 13-3,text,true,,245,5,5,http://172.31.8.205:27474/db/data/transaction/commit,,725,ISO-8859-1,1,0,12ae572e559d,0

1438775989828,723,LinkedList: Check access Short,200,OK,Thread Group: LinkedList - get short 13-5,text,true,,244,5,5,http://172.31.8.205:27474/db/data/transaction/commit,,723,ISO-8859-1,1,0,12ae572e559d,0

1438775989830,727,LinkedList: Check access Short,200,OK,Thread Group: LinkedList - get short 13-4,text,true,,245,5,5,http://172.31.8.205:27474/db/data/transaction/commit,,727,ISO-8859-1,1,0,12ae572e559d,0

1438775989930,363,LinkedList: Check access Short,200,OK,Thread Group: LinkedList - get short 13-1,text,true,,244,5,5,http://172.31.8.205:27474/db/data/transaction/commit,,363,ISO-8859-1,1,0,99214e63c6ae,0

1438775989942,370,LinkedList: Check access Short,200,OK,Thread Group: LinkedList - get short 13-2,text,true,,245,5,5,http://172.31.8.205:27474/db/data/transaction/commit,,370,ISO-8859-1,1,0,99214e63c6ae,0

1438775989952,665,LinkedList: Check access Short,200,OK,Thread Group: LinkedList - get short 13-3,text,true,,244,5,5,http://172.31.8.205:27474/db/data/transaction/commit,,665,ISO-8859-1,1,0,99214e63c6ae,0

1438775989952,730,LinkedList: Check access Short,200,OK,Thread Group: LinkedList - get short 13-4,text,true,,245,5,5,http://172.31.8.205:27474/db/data/transaction/commit,,730,ISO-8859-1,1,0,99214e63c6ae,0

1438775989956,700,LinkedList: Check access Short,200,OK,Thread Group: LinkedList - get short 13-5,text,true,,245,5,5,http://172.31.8.205:27474/db/data/transaction/commit,,700,ISO-8859-1,1,0,99214e63c6ae,0

1438775990223,623,LinkedList: Check access Short,200,OK,Thread Group: LinkedList - get short 13-2,text,true,,245,5,5,http://172.31.8.205:27474/db/data/transaction/commit,,623,ISO-8859-1,1,0,12ae572e559d,0

1438775990232,693,LinkedList: Check access Short,200,OK,Thread Group: LinkedList - get short 13-1,text,true,,245,4,4,http://172.31.8.205:27474/db/data/transaction/commit,,693,ISO-8859-1,1,0,12ae572e559d,0

1438775990327,385,LinkedList: Check access Short,200,OK,Thread Group: LinkedList - get short 13-1,text,true,,245,5,5,http://172.31.8.205:27474/db/data/transaction/commit,,385,ISO-8859-1,1,0,99214e63c6ae,0

1438775990329,670,LinkedList: Check access Short,200,OK,Thread Group: LinkedList - get short 13-2,text,true,,244,4,4,http://172.31.8.205:27474/db/data/transaction/commit,,670,ISO-8859-1,1,0,99214e63c6ae,0

1438775990556,530,LinkedList: Check access Short,200,OK,Thread Group: LinkedList - get short 13-5,text,true,,244,1,1,http://172.31.8.205:27474/db/data/transaction/commit,,530,ISO-8859-1,1,0,12ae572e559d,0

1438775990560,364,LinkedList: Check access Short,200,OK,Thread Group: LinkedList - get short 13-4,text,true,,245,4,4,http://172.31.8.205:27474/db/data/transaction/commit,,364,ISO-8859-1,1,0,12ae572e559d,0

1438775990568,368,LinkedList: Check access Short,200,OK,Thread Group: LinkedList - get short 13-3,text,true,,245,4,4,http://172.31.8.205:27474/db/data/transaction/commit,,368,ISO-8859-1,1,0,12ae572e559d,0

1438775990630,412,LinkedList: Check access Short,200,OK,Thread Group: LinkedList - get short 13-3,text,true,,244,3,3,http://172.31.8.205:27474/db/data/transaction/commit,,412,ISO-8859-1,1,0,99214e63c6ae,0

1438775990660,408,LinkedList: Check access Short,200,OK,Thread Group: LinkedList - get short 13-5,text,true,,244,1,1,http://172.31.8.205:27474/db/data/transaction/commit,,408,ISO-8859-1,1,0,99214e63c6ae,0

1438775990689,360,LinkedList: Check access Short,200,OK,Thread Group: LinkedList - get short 13-4,text,true,,244,3,3,http://172.31.8.205:27474/db/data/transaction/commit,,360,ISO-8859-1,1,0,99214e63c6ae,0

