1438775983872,11,Position des wsi ändern,200,OK,Thread Group: getWorkspaceItems 7-1,text,true,,245,1,1,http://172.31.8.205:27474/db/data/transaction/commit,,11,ISO-8859-1,1,0,985aa859d74d,0

1438775983915,8,Position des wsi ändern,200,OK,Thread Group: getWorkspaceItems 7-1,text,true,,245,1,1,http://172.31.8.205:27474/db/data/transaction/commit,,8,ISO-8859-1,1,0,985aa859d74d,0

1438775983929,9,Position des wsi ändern,200,OK,Thread Group: getWorkspaceItems 7-1,text,true,,245,1,1,http://172.31.8.205:27474/db/data/transaction/commit,,9,ISO-8859-1,1,0,12ae572e559d,0

1438775983968,10,Position des wsi ändern,200,OK,Thread Group: getWorkspaceItems 7-1,text,true,,245,1,1,http://172.31.8.205:27474/db/data/transaction/commit,,10,ISO-8859-1,1,0,985aa859d74d,0

1438775983990,10,Position des wsi ändern,200,OK,Thread Group: getWorkspaceItems 7-1,text,true,,245,1,1,http://172.31.8.205:27474/db/data/transaction/commit,,10,ISO-8859-1,1,0,12ae572e559d,0

1438775984034,11,Position des wsi ändern,200,OK,Thread Group: getWorkspaceItems 7-1,text,true,,245,1,1,http://172.31.8.205:27474/db/data/transaction/commit,,11,ISO-8859-1,1,0,12ae572e559d,0

1438775984043,8,Position des wsi ändern,200,OK,Thread Group: getWorkspaceItems 7-1,text,true,,245,1,1,http://172.31.8.205:27474/db/data/transaction/commit,,8,ISO-8859-1,1,0,99214e63c6ae,0

1438775984073,10,Position des wsi ändern,200,OK,Thread Group: getWorkspaceItems 7-1,text,true,,245,2,2,http://172.31.8.205:27474/db/data/transaction/commit,,10,ISO-8859-1,1,0,985aa859d74d,0

1438775984086,18,Position des wsi ändern,200,OK,Thread Group: getWorkspaceItems 7-1,text,true,,245,1,1,http://172.31.8.205:27474/db/data/transaction/commit,,18,ISO-8859-1,1,0,99214e63c6ae,0

1438775984103,12,Position des wsi ändern,200,OK,Thread Group: getWorkspaceItems 7-2,text,true,,245,2,2,http://172.31.8.205:27474/db/data/transaction/commit,,12,ISO-8859-1,1,0,985aa859d74d,0

1438775984133,9,Position des wsi ändern,200,OK,Thread Group: getWorkspaceItems 7-1,text,true,,245,2,2,http://172.31.8.205:27474/db/data/transaction/commit,,9,ISO-8859-1,1,0,985aa859d74d,0

1438775984138,15,Position des wsi ändern,200,OK,Thread Group: getWorkspaceItems 7-1,text,true,,245,1,1,http://172.31.8.205:27474/db/data/transaction/commit,,15,ISO-8859-1,1,0,99214e63c6ae,0

1438775984152,7,Position des wsi ändern,200,OK,Thread Group: getWorkspaceItems 7-2,text,true,,245,2,2,http://172.31.8.205:27474/db/data/transaction/commit,,7,ISO-8859-1,1,0,985aa859d74d,0

1438775984163,14,Position des wsi ändern,200,OK,Thread Group: getWorkspaceItems 7-1,text,true,,245,2,2,http://172.31.8.205:27474/db/data/transaction/commit,,14,ISO-8859-1,1,0,12ae572e559d,0

1438775984165,9,Position des wsi ändern,200,OK,Thread Group: getWorkspaceItems 7-2,text,true,,245,2,2,http://172.31.8.205:27474/db/data/transaction/commit,,9,ISO-8859-1,1,0,12ae572e559d,0

1438775984216,19,Position des wsi ändern,200,OK,Thread Group: getWorkspaceItems 7-2,text,true,,245,2,2,http://172.31.8.205:27474/db/data/transaction/commit,,19,ISO-8859-1,1,0,12ae572e559d,0

1438775984223,18,Position des wsi ändern,200,OK,Thread Group: getWorkspaceItems 7-1,text,true,,245,2,2,http://172.31.8.205:27474/db/data/transaction/commit,,18,ISO-8859-1,1,0,12ae572e559d,0

1438775984261,10,Position des wsi ändern,200,OK,Thread Group: getWorkspaceItems 7-1,text,true,,245,2,2,http://172.31.8.205:27474/db/data/transaction/commit,,9,ISO-8859-1,1,0,99214e63c6ae,0

1438775984296,15,Position des wsi ändern,200,OK,Thread Group: getWorkspaceItems 7-2,text,true,,245,2,2,http://172.31.8.205:27474/db/data/transaction/commit,,15,ISO-8859-1,1,0,99214e63c6ae,0

1438775984315,14,Position des wsi ändern,200,OK,Thread Group: getWorkspaceItems 7-1,text,true,,245,2,2,http://172.31.8.205:27474/db/data/transaction/commit,,14,ISO-8859-1,1,0,99214e63c6ae,0

1438775984329,23,Position des wsi ändern,200,OK,Thread Group: getWorkspaceItems 7-1,text,true,,245,3,3,http://172.31.8.205:27474/db/data/transaction/commit,,23,ISO-8859-1,1,0,985aa859d74d,0

1438775984349,38,Position des wsi ändern,200,OK,Thread Group: getWorkspaceItems 7-2,text,true,,245,3,3,http://172.31.8.205:27474/db/data/transaction/commit,,38,ISO-8859-1,1,0,985aa859d74d,0

1438775984358,13,Position des wsi ändern,200,OK,Thread Group: getWorkspaceItems 7-2,text,true,,245,2,2,http://172.31.8.205:27474/db/data/transaction/commit,,13,ISO-8859-1,1,0,99214e63c6ae,0

1438775984411,8,Position des wsi ändern,200,OK,Thread Group: getWorkspaceItems 7-3,text,true,,245,3,3,http://172.31.8.205:27474/db/data/transaction/commit,,8,ISO-8859-1,1,0,12ae572e559d,0

1438775984422,12,Position des wsi ändern,200,OK,Thread Group: getWorkspaceItems 7-3,text,true,,245,3,3,http://172.31.8.205:27474/db/data/transaction/commit,,12,ISO-8859-1,1,0,985aa859d74d,0

1438775984423,9,Position des wsi ändern,200,OK,Thread Group: getWorkspaceItems 7-1,text,true,,245,3,3,http://172.31.8.205:27474/db/data/transaction/commit,,9,ISO-8859-1,1,0,12ae572e559d,0

1438775984439,18,Position des wsi ändern,200,OK,Thread Group: getWorkspaceItems 7-2,text,true,,245,3,3,http://172.31.8.205:27474/db/data/transaction/commit,,18,ISO-8859-1,1,0,12ae572e559d,0

1438775984459,8,Position des wsi ändern,200,OK,Thread Group: getWorkspaceItems 7-3,text,true,,245,3,3,http://172.31.8.205:27474/db/data/transaction/commit,,8,ISO-8859-1,1,0,12ae572e559d,0

1438775984483,52,Position des wsi ändern,200,OK,Thread Group: getWorkspaceItems 7-3,text,true,,245,3,3,http://172.31.8.205:27474/db/data/transaction/commit,,52,ISO-8859-1,1,0,985aa859d74d,0

1438775984516,9,Position des wsi ändern,200,OK,Thread Group: getWorkspaceItems 7-1,text,true,,245,3,3,http://172.31.8.205:27474/db/data/transaction/commit,,9,ISO-8859-1,1,0,99214e63c6ae,0

1438775984518,9,Position des wsi ändern,200,OK,Thread Group: getWorkspaceItems 7-3,text,true,,245,3,3,http://172.31.8.205:27474/db/data/transaction/commit,,9,ISO-8859-1,1,0,99214e63c6ae,0

1438775984526,26,Position des wsi ändern,200,OK,Thread Group: getWorkspaceItems 7-1,text,true,,245,4,4,http://172.31.8.205:27474/db/data/transaction/commit,,26,ISO-8859-1,1,0,985aa859d74d,0

1438775984548,13,Position des wsi ändern,200,OK,Thread Group: getWorkspaceItems 7-3,text,true,,245,3,3,http://172.31.8.205:27474/db/data/transaction/commit,,13,ISO-8859-1,1,0,12ae572e559d,0

1438775984556,35,Position des wsi ändern,200,OK,Thread Group: getWorkspaceItems 7-2,text,true,,245,4,4,http://172.31.8.205:27474/db/data/transaction/commit,,35,ISO-8859-1,1,0,985aa859d74d,0

1438775984557,20,Position des wsi ändern,200,OK,Thread Group: getWorkspaceItems 7-1,text,true,,245,3,3,http://172.31.8.205:27474/db/data/transaction/commit,,20,ISO-8859-1,1,0,12ae572e559d,0

1438775984570,16,Position des wsi ändern,200,OK,Thread Group: getWorkspaceItems 7-3,text,true,,245,3,3,http://172.31.8.205:27474/db/data/transaction/commit,,16,ISO-8859-1,1,0,99214e63c6ae,0

1438775984606,30,Position des wsi ändern,200,OK,Thread Group: getWorkspaceItems 7-2,text,true,,245,4,4,http://172.31.8.205:27474/db/data/transaction/commit,,30,ISO-8859-1,1,0,12ae572e559d,0

1438775984618,28,Position des wsi ändern,200,OK,Thread Group: getWorkspaceItems 7-2,text,true,,245,3,3,http://172.31.8.205:27474/db/data/transaction/commit,,28,ISO-8859-1,1,0,99214e63c6ae,0

1438775984623,32,Position des wsi ändern,200,OK,Thread Group: getWorkspaceItems 7-3,text,true,,245,4,4,http://172.31.8.205:27474/db/data/transaction/commit,,32,ISO-8859-1,1,0,985aa859d74d,0

1438775984631,24,Position des wsi ändern,200,OK,Thread Group: getWorkspaceItems 7-1,text,true,,245,3,3,http://172.31.8.205:27474/db/data/transaction/commit,,24,ISO-8859-1,1,0,99214e63c6ae,0

1438775984652,28,Position des wsi ändern,200,OK,Thread Group: getWorkspaceItems 7-1,text,true,,245,4,4,http://172.31.8.205:27474/db/data/transaction/commit,,28,ISO-8859-1,1,0,12ae572e559d,0

1438775984652,41,Position des wsi ändern,200,OK,Thread Group: getWorkspaceItems 7-1,text,true,,245,4,4,http://172.31.8.205:27474/db/data/transaction/commit,,41,ISO-8859-1,1,0,985aa859d74d,0

1438775984658,20,Position des wsi ändern,200,OK,Thread Group: getWorkspaceItems 7-2,text,true,,245,4,4,http://172.31.8.205:27474/db/data/transaction/commit,,20,ISO-8859-1,1,0,985aa859d74d,0

1438775984662,40,Position des wsi ändern,200,OK,Thread Group: getWorkspaceItems 7-4,text,true,,245,4,4,http://172.31.8.205:27474/db/data/transaction/commit,,39,ISO-8859-1,1,0,985aa859d74d,0

1438775984674,18,Position des wsi ändern,200,OK,Thread Group: getWorkspaceItems 7-3,text,true,,245,3,3,http://172.31.8.205:27474/db/data/transaction/commit,,18,ISO-8859-1,1,0,99214e63c6ae,0

1438775984715,14,Position des wsi ändern,200,OK,Thread Group: getWorkspaceItems 7-1,text,true,,245,4,4,http://172.31.8.205:27474/db/data/transaction/commit,,14,ISO-8859-1,1,0,99214e63c6ae,0

1438775984722,33,Position des wsi ändern,200,OK,Thread Group: getWorkspaceItems 7-2,text,true,,245,4,4,http://172.31.8.205:27474/db/data/transaction/commit,,33,ISO-8859-1,1,0,12ae572e559d,0

1438775984732,36,Position des wsi ändern,200,OK,Thread Group: getWorkspaceItems 7-4,text,true,,245,4,4,http://172.31.8.205:27474/db/data/transaction/commit,,36,ISO-8859-1,1,0,12ae572e559d,0

1438775984760,23,Position des wsi ändern,200,OK,Thread Group: getWorkspaceItems 7-4,text,true,,245,4,4,http://172.31.8.205:27474/db/data/transaction/commit,,23,ISO-8859-1,1,0,985aa859d74d,0

1438775984766,20,Position des wsi ändern,200,OK,Thread Group: getWorkspaceItems 7-1,text,true,,245,4,4,http://172.31.8.205:27474/db/data/transaction/commit,,20,ISO-8859-1,1,0,12ae572e559d,0

1438775984767,27,Position des wsi ändern,200,OK,Thread Group: getWorkspaceItems 7-3,text,true,,245,4,4,http://172.31.8.205:27474/db/data/transaction/commit,,27,ISO-8859-1,1,0,12ae572e559d,0

1438775984767,9,Position des wsi ändern,200,OK,Thread Group: getWorkspaceItems 7-1,text,true,,245,4,4,http://172.31.8.205:27474/db/data/transaction/commit,,9,ISO-8859-1,1,0,985aa859d74d,0

1438775984771,25,Position des wsi ändern,200,OK,Thread Group: getWorkspaceItems 7-2,text,true,,245,4,4,http://172.31.8.205:27474/db/data/transaction/commit,,25,ISO-8859-1,1,0,985aa859d74d,0

1438775984787,19,Position des wsi ändern,200,OK,Thread Group: getWorkspaceItems 7-2,text,true,,245,4,4,http://172.31.8.205:27474/db/data/transaction/commit,,19,ISO-8859-1,1,0,99214e63c6ae,0

1438775984810,5,Position des wsi ändern,200,OK,Thread Group: getWorkspaceItems 7-3,text,true,,231,4,4,http://172.31.8.205:27474/db/data/transaction/commit,,5,ISO-8859-1,1,0,985aa859d74d,0

1438775984835,21,Position des wsi ändern,200,OK,Thread Group: getWorkspaceItems 7-1,text,true,,245,4,4,http://172.31.8.205:27474/db/data/transaction/commit,,21,ISO-8859-1,1,0,99214e63c6ae,0

1438775984841,4,Position des wsi ändern,200,OK,Thread Group: getWorkspaceItems 7-4,text,true,,231,4,4,http://172.31.8.205:27474/db/data/transaction/commit,,4,ISO-8859-1,1,0,985aa859d74d,0

1438775984842,18,Position des wsi ändern,200,OK,Thread Group: getWorkspaceItems 7-4,text,true,,245,4,4,http://172.31.8.205:27474/db/data/transaction/commit,,18,ISO-8859-1,1,0,99214e63c6ae,0

1438775984849,6,Position des wsi ändern,200,OK,Thread Group: getWorkspaceItems 7-4,text,true,,231,4,4,http://172.31.8.205:27474/db/data/transaction/commit,,6,ISO-8859-1,1,0,12ae572e559d,0

1438775984862,34,Position des wsi ändern,200,OK,Thread Group: getWorkspaceItems 7-2,text,true,,245,4,4,http://172.31.8.205:27474/db/data/transaction/commit,,34,ISO-8859-1,1,0,12ae572e559d,0

1438775984869,2,Position des wsi ändern,200,OK,Thread Group: getWorkspaceItems 7-3,text,true,,231,4,4,http://172.31.8.205:27474/db/data/transaction/commit,,2,ISO-8859-1,1,0,985aa859d74d,0

1438775984883,25,Position des wsi ändern,200,OK,Thread Group: getWorkspaceItems 7-2,text,true,,245,4,4,http://172.31.8.205:27474/db/data/transaction/commit,,25,ISO-8859-1,1,0,99214e63c6ae,0

1438775984883,7,Position des wsi ändern,200,OK,Thread Group: getWorkspaceItems 7-3,text,true,,231,4,4,http://172.31.8.205:27474/db/data/transaction/commit,,7,ISO-8859-1,1,0,12ae572e559d,0

1438775984894,2,Position des wsi ändern,200,OK,Thread Group: getWorkspaceItems 7-3,text,true,,231,4,4,http://172.31.8.205:27474/db/data/transaction/commit,,2,ISO-8859-1,1,0,985aa859d74d,0

1438775984909,23,Position des wsi ändern,200,OK,Thread Group: getWorkspaceItems 7-3,text,true,,245,4,4,http://172.31.8.205:27474/db/data/transaction/commit,,23,ISO-8859-1,1,0,99214e63c6ae,0

1438775984928,9,Position des wsi ändern,200,OK,Thread Group: getWorkspaceItems 7-4,text,true,,231,4,4,http://172.31.8.205:27474/db/data/transaction/commit,,8,ISO-8859-1,1,0,12ae572e559d,0

1438775984942,11,Position des wsi ändern,200,OK,Thread Group: getWorkspaceItems 7-1,text,true,,231,4,4,http://172.31.8.205:27474/db/data/transaction/commit,,11,ISO-8859-1,1,0,12ae572e559d,0

1438775984955,31,Position des wsi ändern,200,OK,Thread Group: getWorkspaceItems 7-4,text,true,,245,4,4,http://172.31.8.205:27474/db/data/transaction/commit,,31,ISO-8859-1,1,0,99214e63c6ae,0

1438775984967,4,Position des wsi ändern,200,OK,Thread Group: getWorkspaceItems 7-3,text,true,,231,4,4,http://172.31.8.205:27474/db/data/transaction/commit,,4,ISO-8859-1,1,0,12ae572e559d,0

1438775984970,4,Position des wsi ändern,200,OK,Thread Group: getWorkspaceItems 7-4,text,true,,231,4,4,http://172.31.8.205:27474/db/data/transaction/commit,,4,ISO-8859-1,1,0,985aa859d74d,0

1438775984977,7,Position des wsi ändern,200,OK,Thread Group: getWorkspaceItems 7-2,text,true,,231,4,4,http://172.31.8.205:27474/db/data/transaction/commit,,7,ISO-8859-1,1,0,99214e63c6ae,0

1438775984985,8,Position des wsi ändern,200,OK,Thread Group: getWorkspaceItems 7-3,text,true,,231,4,4,http://172.31.8.205:27474/db/data/transaction/commit,,8,ISO-8859-1,1,0,99214e63c6ae,0

1438775984985,11,Position des wsi ändern,200,OK,Thread Group: getWorkspaceItems 7-3,text,true,,231,4,4,http://172.31.8.205:27474/db/data/transaction/commit,,10,ISO-8859-1,1,0,985aa859d74d,0

1438775985003,8,Position des wsi ändern,200,OK,Thread Group: getWorkspaceItems 7-1,text,true,,231,4,4,http://172.31.8.205:27474/db/data/transaction/commit,,8,ISO-8859-1,1,0,99214e63c6ae,0

1438775985016,7,Position des wsi ändern,200,OK,Thread Group: getWorkspaceItems 7-1,text,true,,231,4,4,http://172.31.8.205:27474/db/data/transaction/commit,,7,ISO-8859-1,1,0,985aa859d74d,0

1438775985017,9,Position des wsi ändern,200,OK,Thread Group: getWorkspaceItems 7-2,text,true,,231,4,4,http://172.31.8.205:27474/db/data/transaction/commit,,9,ISO-8859-1,1,0,985aa859d74d,0

1438775985021,2,Position des wsi ändern,200,OK,Thread Group: getWorkspaceItems 7-1,text,true,,231,4,4,http://172.31.8.205:27474/db/data/transaction/commit,,2,ISO-8859-1,1,0,12ae572e559d,0

1438775985039,5,Position des wsi ändern,200,OK,Thread Group: getWorkspaceItems 7-4,text,true,,231,4,4,http://172.31.8.205:27474/db/data/transaction/commit,,5,ISO-8859-1,1,0,985aa859d74d,0

1438775985056,12,Position des wsi ändern,200,OK,Thread Group: getWorkspaceItems 7-1,text,true,,231,4,4,http://172.31.8.205:27474/db/data/transaction/commit,,12,ISO-8859-1,1,0,12ae572e559d,0

1438775985059,8,Position des wsi ändern,200,OK,Thread Group: getWorkspaceItems 7-3,text,true,,231,4,4,http://172.31.8.205:27474/db/data/transaction/commit,,8,ISO-8859-1,1,0,985aa859d74d,0

1438775985065,8,Position des wsi ändern,200,OK,Thread Group: getWorkspaceItems 7-4,text,true,,231,4,4,http://172.31.8.205:27474/db/data/transaction/commit,,8,ISO-8859-1,1,0,99214e63c6ae,0

1438775985076,2,Position des wsi ändern,200,OK,Thread Group: getWorkspaceItems 7-2,text,true,,231,4,4,http://172.31.8.205:27474/db/data/transaction/commit,,2,ISO-8859-1,1,0,12ae572e559d,0

1438775985079,6,Position des wsi ändern,200,OK,Thread Group: getWorkspaceItems 7-3,text,true,,231,4,4,http://172.31.8.205:27474/db/data/transaction/commit,,6,ISO-8859-1,1,0,99214e63c6ae,0

1438775985084,7,Position des wsi ändern,200,OK,Thread Group: getWorkspaceItems 7-1,text,true,,231,4,4,http://172.31.8.205:27474/db/data/transaction/commit,,7,ISO-8859-1,1,0,99214e63c6ae,0

1438775985109,4,Position des wsi ändern,200,OK,Thread Group: getWorkspaceItems 7-1,text,true,,231,4,4,http://172.31.8.205:27474/db/data/transaction/commit,,4,ISO-8859-1,1,0,985aa859d74d,0

1438775985114,15,Position des wsi ändern,200,OK,Thread Group: getWorkspaceItems 7-2,text,true,,231,4,4,http://172.31.8.205:27474/db/data/transaction/commit,,15,ISO-8859-1,1,0,985aa859d74d,0

1438775985115,17,Position des wsi ändern,200,OK,Thread Group: getWorkspaceItems 7-4,text,true,,231,4,4,http://172.31.8.205:27474/db/data/transaction/commit,,17,ISO-8859-1,1,0,985aa859d74d,0

1438775985127,11,Position des wsi ändern,200,OK,Thread Group: getWorkspaceItems 7-4,text,true,,231,4,4,http://172.31.8.205:27474/db/data/transaction/commit,,11,ISO-8859-1,1,0,12ae572e559d,0

1438775985133,6,Position des wsi ändern,200,OK,Thread Group: getWorkspaceItems 7-2,text,true,,231,4,4,http://172.31.8.205:27474/db/data/transaction/commit,,6,ISO-8859-1,1,0,12ae572e559d,0

1438775985148,9,Position des wsi ändern,200,OK,Thread Group: getWorkspaceItems 7-3,text,true,,231,4,4,http://172.31.8.205:27474/db/data/transaction/commit,,9,ISO-8859-1,1,0,12ae572e559d,0

1438775985153,7,Position des wsi ändern,200,OK,Thread Group: getWorkspaceItems 7-3,text,true,,231,4,4,http://172.31.8.205:27474/db/data/transaction/commit,,7,ISO-8859-1,1,0,985aa859d74d,0

1438775985184,15,Position des wsi ändern,200,OK,Thread Group: getWorkspaceItems 7-2,text,true,,231,4,4,http://172.31.8.205:27474/db/data/transaction/commit,,15,ISO-8859-1,1,0,985aa859d74d,0

1438775985188,6,Position des wsi ändern,200,OK,Thread Group: getWorkspaceItems 7-1,text,true,,231,4,4,http://172.31.8.205:27474/db/data/transaction/commit,,6,ISO-8859-1,1,0,985aa859d74d,0

1438775985193,5,Position des wsi ändern,200,OK,Thread Group: getWorkspaceItems 7-2,text,true,,231,4,4,http://172.31.8.205:27474/db/data/transaction/commit,,5,ISO-8859-1,1,0,12ae572e559d,0

1438775985199,2,Position des wsi ändern,200,OK,Thread Group: getWorkspaceItems 7-2,text,true,,231,4,4,http://172.31.8.205:27474/db/data/transaction/commit,,2,ISO-8859-1,1,0,99214e63c6ae,0

1438775985202,8,Position des wsi ändern,200,OK,Thread Group: getWorkspaceItems 7-1,text,true,,231,4,4,http://172.31.8.205:27474/db/data/transaction/commit,,8,ISO-8859-1,1,0,12ae572e559d,0

1438775985208,4,Position des wsi ändern,200,OK,Thread Group: getWorkspaceItems 7-1,text,true,,231,4,4,http://172.31.8.205:27474/db/data/transaction/commit,,4,ISO-8859-1,1,0,99214e63c6ae,0

1438775985218,6,Position des wsi ändern,200,OK,Thread Group: getWorkspaceItems 7-4,text,true,,231,4,4,http://172.31.8.205:27474/db/data/transaction/commit,,6,ISO-8859-1,1,0,12ae572e559d,0

1438775985222,6,Position des wsi ändern,200,OK,Thread Group: getWorkspaceItems 7-3,text,true,,231,4,4,http://172.31.8.205:27474/db/data/transaction/commit,,6,ISO-8859-1,1,0,12ae572e559d,0

1438775985245,6,Position des wsi ändern,200,OK,Thread Group: getWorkspaceItems 7-2,text,true,,231,4,4,http://172.31.8.205:27474/db/data/transaction/commit,,6,ISO-8859-1,1,0,99214e63c6ae,0

1438775985253,12,Position des wsi ändern,200,OK,Thread Group: getWorkspaceItems 7-3,text,true,,231,4,4,http://172.31.8.205:27474/db/data/transaction/commit,,12,ISO-8859-1,1,0,99214e63c6ae,0

1438775985277,15,Position des wsi ändern,200,OK,Thread Group: getWorkspaceItems 7-4,text,true,,231,4,4,http://172.31.8.205:27474/db/data/transaction/commit,,15,ISO-8859-1,1,0,99214e63c6ae,0

1438775985279,12,Position des wsi ändern,200,OK,Thread Group: getWorkspaceItems 7-3,text,true,,231,4,4,http://172.31.8.205:27474/db/data/transaction/commit,,12,ISO-8859-1,1,0,985aa859d74d,0

1438775985283,9,Position des wsi ändern,200,OK,Thread Group: getWorkspaceItems 7-4,text,true,,231,4,4,http://172.31.8.205:27474/db/data/transaction/commit,,9,ISO-8859-1,1,0,985aa859d74d,0

1438775985284,5,Position des wsi ändern,200,OK,Thread Group: getWorkspaceItems 7-1,text,true,,231,4,4,http://172.31.8.205:27474/db/data/transaction/commit,,5,ISO-8859-1,1,0,12ae572e559d,0

1438775985297,7,Position des wsi ändern,200,OK,Thread Group: getWorkspaceItems 7-4,text,true,,231,4,4,http://172.31.8.205:27474/db/data/transaction/commit,,6,ISO-8859-1,1,0,12ae572e559d,0

1438775985305,4,Position des wsi ändern,200,OK,Thread Group: getWorkspaceItems 7-3,text,true,,231,4,4,http://172.31.8.205:27474/db/data/transaction/commit,,4,ISO-8859-1,1,0,12ae572e559d,0

1438775985317,8,Position des wsi ändern,200,OK,Thread Group: getWorkspaceItems 7-2,text,true,,231,4,4,http://172.31.8.205:27474/db/data/transaction/commit,,8,ISO-8859-1,1,0,99214e63c6ae,0

1438775985324,3,Position des wsi ändern,200,OK,Thread Group: getWorkspaceItems 7-1,text,true,,231,4,4,http://172.31.8.205:27474/db/data/transaction/commit,,3,ISO-8859-1,1,0,99214e63c6ae,0

1438775985342,10,Position des wsi ändern,200,OK,Thread Group: getWorkspaceItems 7-3,text,true,,231,4,4,http://172.31.8.205:27474/db/data/transaction/commit,,10,ISO-8859-1,1,0,985aa859d74d,0

1438775985345,4,Position des wsi ändern,200,OK,Thread Group: getWorkspaceItems 7-3,text,true,,231,4,4,http://172.31.8.205:27474/db/data/transaction/commit,,4,ISO-8859-1,1,0,99214e63c6ae,0

1438775985348,2,Position des wsi ändern,200,OK,Thread Group: getWorkspaceItems 7-1,text,true,,231,4,4,http://172.31.8.205:27474/db/data/transaction/commit,,2,ISO-8859-1,1,0,985aa859d74d,0

1438775985351,3,Position des wsi ändern,200,OK,Thread Group: getWorkspaceItems 7-4,text,true,,231,4,4,http://172.31.8.205:27474/db/data/transaction/commit,,3,ISO-8859-1,1,0,985aa859d74d,0

1438775985362,5,Position des wsi ändern,200,OK,Thread Group: getWorkspaceItems 7-4,text,true,,231,4,4,http://172.31.8.205:27474/db/data/transaction/commit,,5,ISO-8859-1,1,0,99214e63c6ae,0

1438775985366,6,Position des wsi ändern,200,OK,Thread Group: getWorkspaceItems 7-1,text,true,,231,4,4,http://172.31.8.205:27474/db/data/transaction/commit,,6,ISO-8859-1,1,0,12ae572e559d,0

1438775985367,3,Position des wsi ändern,200,OK,Thread Group: getWorkspaceItems 7-2,text,true,,231,4,4,http://172.31.8.205:27474/db/data/transaction/commit,,3,ISO-8859-1,1,0,12ae572e559d,0

1438775985380,2,Position des wsi ändern,200,OK,Thread Group: getWorkspaceItems 7-2,text,true,,231,4,4,http://172.31.8.205:27474/db/data/transaction/commit,,2,ISO-8859-1,1,0,985aa859d74d,0

1438775985421,9,Position des wsi ändern,200,OK,Thread Group: getWorkspaceItems 7-1,text,true,,231,4,4,http://172.31.8.205:27474/db/data/transaction/commit,,9,ISO-8859-1,1,0,99214e63c6ae,0

1438775985434,2,Position des wsi ändern,200,OK,Thread Group: getWorkspaceItems 7-2,text,true,,231,3,3,http://172.31.8.205:27474/db/data/transaction/commit,,2,ISO-8859-1,1,0,12ae572e559d,0

1438775985435,2,Position des wsi ändern,200,OK,Thread Group: getWorkspaceItems 7-4,text,true,,231,3,3,http://172.31.8.205:27474/db/data/transaction/commit,,2,ISO-8859-1,1,0,12ae572e559d,0

1438775985436,6,Position des wsi ändern,200,OK,Thread Group: getWorkspaceItems 7-3,text,true,,231,4,4,http://172.31.8.205:27474/db/data/transaction/commit,,6,ISO-8859-1,1,0,99214e63c6ae,0

1438775985453,14,Position des wsi ändern,200,OK,Thread Group: getWorkspaceItems 7-4,text,true,,231,4,4,http://172.31.8.205:27474/db/data/transaction/commit,,14,ISO-8859-1,1,0,99214e63c6ae,0

1438775985474,6,Position des wsi ändern,200,OK,Thread Group: getWorkspaceItems 7-2,text,true,,231,4,4,http://172.31.8.205:27474/db/data/transaction/commit,,6,ISO-8859-1,1,0,985aa859d74d,0

1438775985479,8,Position des wsi ändern,200,OK,Thread Group: getWorkspaceItems 7-2,text,true,,231,4,4,http://172.31.8.205:27474/db/data/transaction/commit,,8,ISO-8859-1,1,0,99214e63c6ae,0

1438775985491,3,Position des wsi ändern,200,OK,Thread Group: getWorkspaceItems 7-1,text,true,,231,4,4,http://172.31.8.205:27474/db/data/transaction/commit,,3,ISO-8859-1,1,0,985aa859d74d,0

1438775985492,3,Position des wsi ändern,200,OK,Thread Group: getWorkspaceItems 7-3,text,true,,231,4,4,http://172.31.8.205:27474/db/data/transaction/commit,,3,ISO-8859-1,1,0,985aa859d74d,0

1438775985493,2,Position des wsi ändern,200,OK,Thread Group: getWorkspaceItems 7-4,text,true,,231,4,4,http://172.31.8.205:27474/db/data/transaction/commit,,2,ISO-8859-1,1,0,985aa859d74d,0

1438775985504,12,Position des wsi ändern,200,OK,Thread Group: getWorkspaceItems 7-1,text,true,,231,4,4,http://172.31.8.205:27474/db/data/transaction/commit,,12,ISO-8859-1,1,0,99214e63c6ae,0

1438775985518,3,Position des wsi ändern,200,OK,Thread Group: getWorkspaceItems 7-2,text,true,,231,4,4,http://172.31.8.205:27474/db/data/transaction/commit,,3,ISO-8859-1,1,0,985aa859d74d,0

1438775985534,2,Position des wsi ändern,200,OK,Thread Group: getWorkspaceItems 7-1,text,true,,231,4,4,http://172.31.8.205:27474/db/data/transaction/commit,,2,ISO-8859-1,1,0,985aa859d74d,0

1438775985558,5,Position des wsi ändern,200,OK,Thread Group: getWorkspaceItems 7-2,text,true,,231,3,3,http://172.31.8.205:27474/db/data/transaction/commit,,5,ISO-8859-1,1,0,99214e63c6ae,0

1438775985592,3,Position des wsi ändern,200,OK,Thread Group: getWorkspaceItems 7-4,text,true,,231,3,3,http://172.31.8.205:27474/db/data/transaction/commit,,3,ISO-8859-1,1,0,12ae572e559d,0

1438775985604,3,Position des wsi ändern,200,OK,Thread Group: getWorkspaceItems 7-3,text,true,,231,3,3,http://172.31.8.205:27474/db/data/transaction/commit,,3,ISO-8859-1,1,0,12ae572e559d,0

1438775985609,3,Position des wsi ändern,200,OK,Thread Group: getWorkspaceItems 7-2,text,true,,231,3,3,http://172.31.8.205:27474/db/data/transaction/commit,,2,ISO-8859-1,1,0,99214e63c6ae,0

1438775985621,3,Position des wsi ändern,200,OK,Thread Group: getWorkspaceItems 7-2,text,true,,231,3,3,http://172.31.8.205:27474/db/data/transaction/commit,,3,ISO-8859-1,1,0,985aa859d74d,0

1438775985626,14,Position des wsi ändern,200,OK,Thread Group: getWorkspaceItems 7-2,text,true,,231,3,3,http://172.31.8.205:27474/db/data/transaction/commit,,14,ISO-8859-1,1,0,12ae572e559d,0

1438775985646,3,Position des wsi ändern,200,OK,Thread Group: getWorkspaceItems 7-4,text,true,,231,3,3,http://172.31.8.205:27474/db/data/transaction/commit,,3,ISO-8859-1,1,0,12ae572e559d,0

1438775985655,6,Position des wsi ändern,200,OK,Thread Group: getWorkspaceItems 7-4,text,true,,231,3,3,http://172.31.8.205:27474/db/data/transaction/commit,,6,ISO-8859-1,1,0,985aa859d74d,0

1438775985669,3,Position des wsi ändern,200,OK,Thread Group: getWorkspaceItems 7-3,text,true,,231,3,3,http://172.31.8.205:27474/db/data/transaction/commit,,3,ISO-8859-1,1,0,12ae572e559d,0

1438775985670,3,Position des wsi ändern,200,OK,Thread Group: getWorkspaceItems 7-3,text,true,,231,3,3,http://172.31.8.205:27474/db/data/transaction/commit,,3,ISO-8859-1,1,0,985aa859d74d,0

1438775985674,2,Position des wsi ändern,200,OK,Thread Group: getWorkspaceItems 7-2,text,true,,231,3,3,http://172.31.8.205:27474/db/data/transaction/commit,,2,ISO-8859-1,1,0,985aa859d74d,0

1438775985704,3,Position des wsi ändern,200,OK,Thread Group: getWorkspaceItems 7-4,text,true,,231,3,3,http://172.31.8.205:27474/db/data/transaction/commit,,3,ISO-8859-1,1,0,985aa859d74d,0

1438775985716,9,Position des wsi ändern,200,OK,Thread Group: getWorkspaceItems 7-3,text,true,,231,3,3,http://172.31.8.205:27474/db/data/transaction/commit,,8,ISO-8859-1,1,0,12ae572e559d,0

1438775985721,2,Position des wsi ändern,200,OK,Thread Group: getWorkspaceItems 7-3,text,true,,231,3,3,http://172.31.8.205:27474/db/data/transaction/commit,,2,ISO-8859-1,1,0,985aa859d74d,0

1438775985729,3,Position des wsi ändern,200,OK,Thread Group: getWorkspaceItems 7-2,text,true,,231,3,3,http://172.31.8.205:27474/db/data/transaction/commit,,3,ISO-8859-1,1,0,985aa859d74d,0

1438775985730,2,Position des wsi ändern,200,OK,Thread Group: getWorkspaceItems 7-3,text,true,,231,3,3,http://172.31.8.205:27474/db/data/transaction/commit,,2,ISO-8859-1,1,0,99214e63c6ae,0

1438775985748,6,Position des wsi ändern,200,OK,Thread Group: getWorkspaceItems 7-4,text,true,,231,3,3,http://172.31.8.205:27474/db/data/transaction/commit,,6,ISO-8859-1,1,0,99214e63c6ae,0

1438775985761,3,Position des wsi ändern,200,OK,Thread Group: getWorkspaceItems 7-4,text,true,,231,3,3,http://172.31.8.205:27474/db/data/transaction/commit,,3,ISO-8859-1,1,0,985aa859d74d,0

1438775985770,2,Position des wsi ändern,200,OK,Thread Group: getWorkspaceItems 7-3,text,true,,231,2,2,http://172.31.8.205:27474/db/data/transaction/commit,,2,ISO-8859-1,1,0,985aa859d74d,0

1438775985777,6,Position des wsi ändern,200,OK,Thread Group: getWorkspaceItems 7-3,text,true,,231,3,3,http://172.31.8.205:27474/db/data/transaction/commit,,6,ISO-8859-1,1,0,99214e63c6ae,0

1438775985785,3,Position des wsi ändern,200,OK,Thread Group: getWorkspaceItems 7-2,text,true,,231,3,3,http://172.31.8.205:27474/db/data/transaction/commit,,3,ISO-8859-1,1,0,12ae572e559d,0

1438775985787,2,Position des wsi ändern,200,OK,Thread Group: getWorkspaceItems 7-4,text,true,,231,3,3,http://172.31.8.205:27474/db/data/transaction/commit,,2,ISO-8859-1,1,0,12ae572e559d,0

1438775985803,4,Position des wsi ändern,200,OK,Thread Group: getWorkspaceItems 7-4,text,true,,231,3,3,http://172.31.8.205:27474/db/data/transaction/commit,,4,ISO-8859-1,1,0,99214e63c6ae,0

1438775985823,3,Position des wsi ändern,200,OK,Thread Group: getWorkspaceItems 7-3,text,true,,231,3,3,http://172.31.8.205:27474/db/data/transaction/commit,,3,ISO-8859-1,1,0,99214e63c6ae,0

1438775985825,2,Position des wsi ändern,200,OK,Thread Group: getWorkspaceItems 7-2,text,true,,231,3,3,http://172.31.8.205:27474/db/data/transaction/commit,,2,ISO-8859-1,1,0,99214e63c6ae,0

1438775985832,6,Position des wsi ändern,200,OK,Thread Group: getWorkspaceItems 7-2,text,true,,231,3,3,http://172.31.8.205:27474/db/data/transaction/commit,,6,ISO-8859-1,1,0,12ae572e559d,0

1438775985834,3,Position des wsi ändern,200,OK,Thread Group: getWorkspaceItems 7-4,text,true,,231,3,3,http://172.31.8.205:27474/db/data/transaction/commit,,3,ISO-8859-1,1,0,12ae572e559d,0

1438775985839,3,Position des wsi ändern,200,OK,Thread Group: getWorkspaceItems 7-3,text,true,,231,3,3,http://172.31.8.205:27474/db/data/transaction/commit,,3,ISO-8859-1,1,0,12ae572e559d,0

1438775985853,2,Position des wsi ändern,200,OK,Thread Group: getWorkspaceItems 7-4,text,true,,231,1,1,http://172.31.8.205:27474/db/data/transaction/commit,,2,ISO-8859-1,1,0,985aa859d74d,0

1438775985870,4,Position des wsi ändern,200,OK,Thread Group: getWorkspaceItems 7-4,text,true,,231,3,3,http://172.31.8.205:27474/db/data/transaction/commit,,4,ISO-8859-1,1,0,99214e63c6ae,0

1438775985877,6,Position des wsi ändern,200,OK,Thread Group: getWorkspaceItems 7-2,text,true,,231,3,3,http://172.31.8.205:27474/db/data/transaction/commit,,6,ISO-8859-1,1,0,99214e63c6ae,0

1438775985883,3,Position des wsi ändern,200,OK,Thread Group: getWorkspaceItems 7-4,text,true,,231,1,1,http://172.31.8.205:27474/db/data/transaction/commit,,3,ISO-8859-1,1,0,985aa859d74d,0

1438775985887,4,Position des wsi ändern,200,OK,Thread Group: getWorkspaceItems 7-2,text,true,,231,3,3,http://172.31.8.205:27474/db/data/transaction/commit,,4,ISO-8859-1,1,0,12ae572e559d,0

1438775985893,2,Position des wsi ändern,200,OK,Thread Group: getWorkspaceItems 7-3,text,true,,231,3,3,http://172.31.8.205:27474/db/data/transaction/commit,,2,ISO-8859-1,1,0,12ae572e559d,0

1438775985894,2,Position des wsi ändern,200,OK,Thread Group: getWorkspaceItems 7-4,text,true,,231,3,3,http://172.31.8.205:27474/db/data/transaction/commit,,2,ISO-8859-1,1,0,12ae572e559d,0

1438775985919,3,Position des wsi ändern,200,OK,Thread Group: getWorkspaceItems 7-4,text,true,,231,1,1,http://172.31.8.205:27474/db/data/transaction/commit,,2,ISO-8859-1,1,0,985aa859d74d,0

1438775985928,4,Position des wsi ändern,200,OK,Thread Group: getWorkspaceItems 7-2,text,true,,231,3,3,http://172.31.8.205:27474/db/data/transaction/commit,,4,ISO-8859-1,1,0,99214e63c6ae,0

1438775985937,3,Position des wsi ändern,200,OK,Thread Group: getWorkspaceItems 7-3,text,true,,231,2,2,http://172.31.8.205:27474/db/data/transaction/commit,,2,ISO-8859-1,1,0,12ae572e559d,0

1438775985938,5,Position des wsi ändern,200,OK,Thread Group: getWorkspaceItems 7-3,text,true,,231,3,3,http://172.31.8.205:27474/db/data/transaction/commit,,5,ISO-8859-1,1,0,99214e63c6ae,0

1438775985990,2,Position des wsi ändern,200,OK,Thread Group: getWorkspaceItems 7-4,text,true,,231,1,1,http://172.31.8.205:27474/db/data/transaction/commit,,2,ISO-8859-1,1,0,12ae572e559d,0

1438775985995,2,Position des wsi ändern,200,OK,Thread Group: getWorkspaceItems 7-3,text,true,,231,2,2,http://172.31.8.205:27474/db/data/transaction/commit,,2,ISO-8859-1,1,0,99214e63c6ae,0

1438775986018,2,Position des wsi ändern,200,OK,Thread Group: getWorkspaceItems 7-4,text,true,,231,2,2,http://172.31.8.205:27474/db/data/transaction/commit,,2,ISO-8859-1,1,0,99214e63c6ae,0

1438775986025,2,Position des wsi ändern,200,OK,Thread Group: getWorkspaceItems 7-4,text,true,,231,1,1,http://172.31.8.205:27474/db/data/transaction/commit,,2,ISO-8859-1,1,0,12ae572e559d,0

1438775986046,3,Position des wsi ändern,200,OK,Thread Group: getWorkspaceItems 7-3,text,true,,231,2,2,http://172.31.8.205:27474/db/data/transaction/commit,,3,ISO-8859-1,1,0,99214e63c6ae,0

1438775986056,3,Position des wsi ändern,200,OK,Thread Group: getWorkspaceItems 7-4,text,true,,231,2,2,http://172.31.8.205:27474/db/data/transaction/commit,,3,ISO-8859-1,1,0,99214e63c6ae,0

1438775986058,3,Position des wsi ändern,200,OK,Thread Group: getWorkspaceItems 7-4,text,true,,231,1,1,http://172.31.8.205:27474/db/data/transaction/commit,,3,ISO-8859-1,1,0,12ae572e559d,0

1438775986094,2,Position des wsi ändern,200,OK,Thread Group: getWorkspaceItems 7-4,text,true,,231,1,1,http://172.31.8.205:27474/db/data/transaction/commit,,2,ISO-8859-1,1,0,99214e63c6ae,0

1438775986174,2,Position des wsi ändern,200,OK,Thread Group: getWorkspaceItems 7-4,text,true,,231,1,1,http://172.31.8.205:27474/db/data/transaction/commit,,2,ISO-8859-1,1,0,99214e63c6ae,0

1438775986207,3,Position des wsi ändern,200,OK,Thread Group: getWorkspaceItems 7-4,text,true,,231,1,1,http://172.31.8.205:27474/db/data/transaction/commit,,3,ISO-8859-1,1,0,99214e63c6ae,0

1438775986232,3,Position des wsi ändern,200,OK,Thread Group: getWorkspaceItems 7-4,text,true,,231,1,1,http://172.31.8.205:27474/db/data/transaction/commit,,3,ISO-8859-1,1,0,99214e63c6ae,0

