1438775980644,14,Relate stuff,200,OK,Thread Group: Relate Stuff 2-1,text,true,,222,2,2,http://172.31.8.205:27474/db/data/transaction/commit,,14,ISO-8859-1,1,0,12ae572e559d,0

1438775980692,14,Relate stuff,200,OK,Thread Group: Relate Stuff 2-1,text,true,,222,5,5,http://172.31.8.205:27474/db/data/transaction/commit,,14,ISO-8859-1,1,0,12ae572e559d,0

1438775980707,9,Relate stuff,200,OK,Thread Group: Relate Stuff 2-1,text,true,,222,6,6,http://172.31.8.205:27474/db/data/transaction/commit,,9,ISO-8859-1,1,0,12ae572e559d,0

1438775980713,16,Relate stuff,200,OK,Thread Group: Relate Stuff 2-2,text,true,,222,7,7,http://172.31.8.205:27474/db/data/transaction/commit,,16,ISO-8859-1,1,0,12ae572e559d,0

1438775980713,41,Relate stuff,200,OK,Thread Group: Relate Stuff 2-4,text,true,,222,9,9,http://172.31.8.205:27474/db/data/transaction/commit,,41,ISO-8859-1,1,0,12ae572e559d,0

1438775980714,25,Relate stuff,200,OK,Thread Group: Relate Stuff 2-5,text,true,,222,8,8,http://172.31.8.205:27474/db/data/transaction/commit,,25,ISO-8859-1,1,0,12ae572e559d,0

1438775980715,18,Relate stuff,200,OK,Thread Group: Relate Stuff 2-3,text,true,,222,8,8,http://172.31.8.205:27474/db/data/transaction/commit,,18,ISO-8859-1,1,0,12ae572e559d,0

1438775980716,14,Relate stuff,200,OK,Thread Group: Relate Stuff 2-6,text,true,,222,7,7,http://172.31.8.205:27474/db/data/transaction/commit,,14,ISO-8859-1,1,0,12ae572e559d,0

1438775980717,10,Relate stuff,200,OK,Thread Group: Relate Stuff 2-1,text,true,,222,7,7,http://172.31.8.205:27474/db/data/transaction/commit,,10,ISO-8859-1,1,0,12ae572e559d,0

1438775980726,26,Relate stuff,200,OK,Thread Group: Relate Stuff 2-7,text,true,,222,9,9,http://172.31.8.205:27474/db/data/transaction/commit,,26,ISO-8859-1,1,0,12ae572e559d,0

1438775980727,17,Relate stuff,200,OK,Thread Group: Relate Stuff 2-1,text,true,,222,8,8,http://172.31.8.205:27474/db/data/transaction/commit,,17,ISO-8859-1,1,0,12ae572e559d,0

1438775980729,29,Relate stuff,200,OK,Thread Group: Relate Stuff 2-2,text,true,,222,10,10,http://172.31.8.205:27474/db/data/transaction/commit,,29,ISO-8859-1,1,0,12ae572e559d,0

1438775980730,11,Relate stuff,200,OK,Thread Group: Relate Stuff 2-6,text,true,,222,8,8,http://172.31.8.205:27474/db/data/transaction/commit,,11,ISO-8859-1,1,0,12ae572e559d,0

1438775980736,25,Relate stuff,200,OK,Thread Group: Relate Stuff 2-8,text,true,,222,10,10,http://172.31.8.205:27474/db/data/transaction/commit,,25,ISO-8859-1,1,0,12ae572e559d,0

1438775980737,25,Relate stuff,200,OK,Thread Group: Relate Stuff 2-3,text,true,,222,10,10,http://172.31.8.205:27474/db/data/transaction/commit,,25,ISO-8859-1,1,0,12ae572e559d,0

1438775980739,6,Relate stuff,200,OK,Thread Group: Relate Stuff 2-5,text,true,,222,8,8,http://172.31.8.205:27474/db/data/transaction/commit,,6,ISO-8859-1,1,0,12ae572e559d,0

1438775980746,33,Relate stuff,200,OK,Thread Group: Relate Stuff 2-5,text,true,,222,11,11,http://172.31.8.205:27474/db/data/transaction/commit,,33,ISO-8859-1,1,0,12ae572e559d,0

1438775980753,15,Relate stuff,200,OK,Thread Group: Relate Stuff 2-7,text,true,,222,10,10,http://172.31.8.205:27474/db/data/transaction/commit,,15,ISO-8859-1,1,0,12ae572e559d,0

1438775980754,10,Relate stuff,200,OK,Thread Group: Relate Stuff 2-4,text,true,,222,10,10,http://172.31.8.205:27474/db/data/transaction/commit,,10,ISO-8859-1,1,0,12ae572e559d,0

1438775980758,18,Relate stuff,200,OK,Thread Group: Relate Stuff 2-2,text,true,,222,11,11,http://172.31.8.205:27474/db/data/transaction/commit,,18,ISO-8859-1,1,0,12ae572e559d,0

1438775980761,24,Relate stuff,200,OK,Thread Group: Relate Stuff 2-8,text,true,,222,11,11,http://172.31.8.205:27474/db/data/transaction/commit,,24,ISO-8859-1,1,0,12ae572e559d,0

1438775980762,16,Relate stuff,200,OK,Thread Group: Relate Stuff 2-3,text,true,,222,11,11,http://172.31.8.205:27474/db/data/transaction/commit,,16,ISO-8859-1,1,0,12ae572e559d,0

1438775980763,17,Relate stuff,200,OK,Thread Group: Relate Stuff 2-6,text,true,,222,11,11,http://172.31.8.205:27474/db/data/transaction/commit,,17,ISO-8859-1,1,0,12ae572e559d,0

1438775980764,10,Relate stuff,200,OK,Thread Group: Relate Stuff 2-4,text,true,,222,11,11,http://172.31.8.205:27474/db/data/transaction/commit,,10,ISO-8859-1,1,0,12ae572e559d,0

1438775980766,27,Relate stuff,200,OK,Thread Group: Relate Stuff 2-9,text,true,,222,7,7,http://172.31.8.205:27474/db/data/transaction/commit,,27,ISO-8859-1,1,0,12ae572e559d,0

1438775980767,22,Relate stuff,200,OK,Thread Group: Relate Stuff 2-10,text,true,,222,11,11,http://172.31.8.205:27474/db/data/transaction/commit,,22,ISO-8859-1,1,0,12ae572e559d,0

1438775980768,22,Relate stuff,200,OK,Thread Group: Relate Stuff 2-7,text,true,,222,7,7,http://172.31.8.205:27474/db/data/transaction/commit,,22,ISO-8859-1,1,0,12ae572e559d,0

1438775980769,19,Relate stuff,200,OK,Thread Group: Relate Stuff 2-1,text,true,,222,11,11,http://172.31.8.205:27474/db/data/transaction/commit,,19,ISO-8859-1,1,0,12ae572e559d,0

1438775980774,18,Relate stuff,200,OK,Thread Group: Relate Stuff 2-4,text,true,,222,7,7,http://172.31.8.205:27474/db/data/transaction/commit,,12,ISO-8859-1,1,0,12ae572e559d,0

1438775980777,14,Relate stuff,200,OK,Thread Group: Relate Stuff 2-11,text,true,,222,7,7,http://172.31.8.205:27474/db/data/transaction/commit,,14,ISO-8859-1,1,0,12ae572e559d,0

1438775980995,34,Relate stuff,200,OK,Thread Group: Relate Stuff 2-2,text,true,,222,7,7,http://172.31.8.205:27474/db/data/transaction/commit,,34,ISO-8859-1,1,0,99214e63c6ae,0

1438775980999,73,Relate stuff,200,OK,Thread Group: Relate Stuff 2-4,text,true,,222,9,9,http://172.31.8.205:27474/db/data/transaction/commit,,73,ISO-8859-1,1,0,99214e63c6ae,0

1438775981002,31,Relate stuff,200,OK,Thread Group: Relate Stuff 2-3,text,true,,222,7,7,http://172.31.8.205:27474/db/data/transaction/commit,,31,ISO-8859-1,1,0,99214e63c6ae,0

1438775981006,29,Relate stuff,200,OK,Thread Group: Relate Stuff 2-5,text,true,,222,8,8,http://172.31.8.205:27474/db/data/transaction/commit,,29,ISO-8859-1,1,0,99214e63c6ae,0

1438775981020,27,Relate stuff,200,OK,Thread Group: Relate Stuff 2-6,text,true,,222,9,9,http://172.31.8.205:27474/db/data/transaction/commit,,19,ISO-8859-1,1,0,99214e63c6ae,0

1438775981025,61,Relate stuff,200,OK,Thread Group: Relate Stuff 2-7,text,true,,222,13,13,http://172.31.8.205:27474/db/data/transaction/commit,,61,ISO-8859-1,1,0,99214e63c6ae,0

1438775981030,15,Relate stuff,200,OK,Thread Group: Relate Stuff 2-2,text,true,,222,9,9,http://172.31.8.205:27474/db/data/transaction/commit,,15,ISO-8859-1,1,0,99214e63c6ae,0

1438775981032,8,Relate stuff,200,OK,Thread Group: Relate Stuff 2-1,text,true,,222,8,8,http://172.31.8.205:27474/db/data/transaction/commit,,8,ISO-8859-1,1,0,99214e63c6ae,0

1438775981041,60,Relate stuff,200,OK,Thread Group: Relate Stuff 2-8,text,true,,222,13,13,http://172.31.8.205:27474/db/data/transaction/commit,,60,ISO-8859-1,1,0,99214e63c6ae,0

1438775981046,38,Relate stuff,200,OK,Thread Group: Relate Stuff 2-2,text,true,,222,12,12,http://172.31.8.205:27474/db/data/transaction/commit,,38,ISO-8859-1,1,0,99214e63c6ae,0

1438775981047,28,Relate stuff,200,OK,Thread Group: Relate Stuff 2-6,text,true,,222,11,11,http://172.31.8.205:27474/db/data/transaction/commit,,28,ISO-8859-1,1,0,99214e63c6ae,0

1438775981049,42,Relate stuff,200,OK,Thread Group: Relate Stuff 2-3,text,true,,222,13,13,http://172.31.8.205:27474/db/data/transaction/commit,,41,ISO-8859-1,1,0,99214e63c6ae,0

1438775981068,41,Relate stuff,200,OK,Thread Group: Relate Stuff 2-1,text,true,,222,14,14,http://172.31.8.205:27474/db/data/transaction/commit,,41,ISO-8859-1,1,0,99214e63c6ae,0

1438775981071,11,Relate stuff,200,OK,Thread Group: Relate Stuff 2-2,text,true,,222,5,5,http://172.31.8.205:27474/db/data/transaction/commit,,11,ISO-8859-1,1,0,985aa859d74d,0

1438775981071,22,Relate stuff,200,OK,Thread Group: Relate Stuff 2-3,text,true,,222,6,6,http://172.31.8.205:27474/db/data/transaction/commit,,22,ISO-8859-1,1,0,985aa859d74d,0

1438775981073,27,Relate stuff,200,OK,Thread Group: Relate Stuff 2-4,text,true,,222,13,13,http://172.31.8.205:27474/db/data/transaction/commit,,27,ISO-8859-1,1,0,99214e63c6ae,0

1438775981074,33,Relate stuff,200,OK,Thread Group: Relate Stuff 2-5,text,true,,222,13,13,http://172.31.8.205:27474/db/data/transaction/commit,,33,ISO-8859-1,1,0,99214e63c6ae,0

1438775981075,12,Relate stuff,200,OK,Thread Group: Relate Stuff 2-4,text,true,,222,6,6,http://172.31.8.205:27474/db/data/transaction/commit,,12,ISO-8859-1,1,0,985aa859d74d,0

1438775981076,28,Relate stuff,200,OK,Thread Group: Relate Stuff 2-6,text,true,,222,13,13,http://172.31.8.205:27474/db/data/transaction/commit,,28,ISO-8859-1,1,0,99214e63c6ae,0

1438775981079,16,Relate stuff,200,OK,Thread Group: Relate Stuff 2-1,text,true,,222,6,6,http://172.31.8.205:27474/db/data/transaction/commit,,16,ISO-8859-1,1,0,985aa859d74d,0

1438775981081,11,Relate stuff,200,OK,Thread Group: Relate Stuff 2-5,text,true,,222,6,6,http://172.31.8.205:27474/db/data/transaction/commit,,11,ISO-8859-1,1,0,985aa859d74d,0

1438775981082,28,Relate stuff,200,OK,Thread Group: Relate Stuff 2-9,text,true,,222,15,15,http://172.31.8.205:27474/db/data/transaction/commit,,28,ISO-8859-1,1,0,99214e63c6ae,0

1438775981085,18,Relate stuff,200,OK,Thread Group: Relate Stuff 2-2,text,true,,222,13,13,http://172.31.8.205:27474/db/data/transaction/commit,,18,ISO-8859-1,1,0,99214e63c6ae,0

1438775981087,18,Relate stuff,200,OK,Thread Group: Relate Stuff 2-7,text,true,,222,13,13,http://172.31.8.205:27474/db/data/transaction/commit,,18,ISO-8859-1,1,0,99214e63c6ae,0

1438775981087,20,Relate stuff,200,OK,Thread Group: Relate Stuff 2-4,text,true,,222,8,8,http://172.31.8.205:27474/db/data/transaction/commit,,20,ISO-8859-1,1,0,985aa859d74d,0

1438775981091,28,Relate stuff,200,OK,Thread Group: Relate Stuff 2-3,text,true,,222,9,9,http://172.31.8.205:27474/db/data/transaction/commit,,28,ISO-8859-1,1,0,99214e63c6ae,0

1438775981091,21,Relate stuff,200,OK,Thread Group: Relate Stuff 2-6,text,true,,222,8,8,http://172.31.8.205:27474/db/data/transaction/commit,,21,ISO-8859-1,1,0,985aa859d74d,0

1438775981092,16,Relate stuff,200,OK,Thread Group: Relate Stuff 2-5,text,true,,222,8,8,http://172.31.8.205:27474/db/data/transaction/commit,,16,ISO-8859-1,1,0,985aa859d74d,0

1438775981093,11,Relate stuff,200,OK,Thread Group: Relate Stuff 2-3,text,true,,222,7,7,http://172.31.8.205:27474/db/data/transaction/commit,,11,ISO-8859-1,1,0,985aa859d74d,0

1438775981094,11,Relate stuff,200,OK,Thread Group: Relate Stuff 2-2,text,true,,222,7,7,http://172.31.8.205:27474/db/data/transaction/commit,,11,ISO-8859-1,1,0,985aa859d74d,0

1438775981096,31,Relate stuff,200,OK,Thread Group: Relate Stuff 2-13,text,true,,222,6,6,http://172.31.8.205:27474/db/data/transaction/commit,,31,ISO-8859-1,1,0,99214e63c6ae,0

1438775981096,32,Relate stuff,200,OK,Thread Group: Relate Stuff 2-11,text,true,,222,5,5,http://172.31.8.205:27474/db/data/transaction/commit,,32,ISO-8859-1,1,0,99214e63c6ae,0

1438775981098,31,Relate stuff,200,OK,Thread Group: Relate Stuff 2-12,text,true,,222,5,5,http://172.31.8.205:27474/db/data/transaction/commit,,31,ISO-8859-1,1,0,99214e63c6ae,0

1438775981098,18,Relate stuff,200,OK,Thread Group: Relate Stuff 2-1,text,true,,222,8,8,http://172.31.8.205:27474/db/data/transaction/commit,,18,ISO-8859-1,1,0,985aa859d74d,0

1438775981099,27,Relate stuff,200,OK,Thread Group: Relate Stuff 2-10,text,true,,222,7,7,http://172.31.8.205:27474/db/data/transaction/commit,,27,ISO-8859-1,1,0,99214e63c6ae,0

1438775981101,22,Relate stuff,200,OK,Thread Group: Relate Stuff 2-7,text,true,,222,9,9,http://172.31.8.205:27474/db/data/transaction/commit,,21,ISO-8859-1,1,0,985aa859d74d,0

1438775981102,10,Relate stuff,200,OK,Thread Group: Relate Stuff 2-8,text,true,,222,13,13,http://172.31.8.205:27474/db/data/transaction/commit,,10,ISO-8859-1,1,0,99214e63c6ae,0

1438775981103,18,Relate stuff,200,OK,Thread Group: Relate Stuff 2-2,text,true,,222,8,8,http://172.31.8.205:27474/db/data/transaction/commit,,18,ISO-8859-1,1,0,99214e63c6ae,0

1438775981104,12,Relate stuff,200,OK,Thread Group: Relate Stuff 2-6,text,true,,222,11,11,http://172.31.8.205:27474/db/data/transaction/commit,,12,ISO-8859-1,1,0,99214e63c6ae,0

1438775981105,13,Relate stuff,200,OK,Thread Group: Relate Stuff 2-2,text,true,,222,9,9,http://172.31.8.205:27474/db/data/transaction/commit,,13,ISO-8859-1,1,0,985aa859d74d,0

1438775981105,32,Relate stuff,200,OK,Thread Group: Relate Stuff 2-3,text,true,,222,10,10,http://172.31.8.205:27474/db/data/transaction/commit,,25,ISO-8859-1,1,0,985aa859d74d,0

1438775981106,9,Relate stuff,200,OK,Thread Group: Relate Stuff 2-7,text,true,,222,11,11,http://172.31.8.205:27474/db/data/transaction/commit,,9,ISO-8859-1,1,0,99214e63c6ae,0

1438775981107,11,Relate stuff,200,OK,Thread Group: Relate Stuff 2-5,text,true,,222,10,10,http://172.31.8.205:27474/db/data/transaction/commit,,11,ISO-8859-1,1,0,99214e63c6ae,0

1438775981107,27,Relate stuff,200,OK,Thread Group: Relate Stuff 2-4,text,true,,222,10,10,http://172.31.8.205:27474/db/data/transaction/commit,,27,ISO-8859-1,1,0,985aa859d74d,0

1438775981108,28,Relate stuff,200,OK,Thread Group: Relate Stuff 2-5,text,true,,222,10,10,http://172.31.8.205:27474/db/data/transaction/commit,,28,ISO-8859-1,1,0,985aa859d74d,0

1438775981112,31,Relate stuff,200,OK,Thread Group: Relate Stuff 2-8,text,true,,222,11,11,http://172.31.8.205:27474/db/data/transaction/commit,,31,ISO-8859-1,1,0,985aa859d74d,0

1438775981113,4,Relate stuff,200,OK,Thread Group: Relate Stuff 2-4,text,true,,222,10,10,http://172.31.8.205:27474/db/data/transaction/commit,,4,ISO-8859-1,1,0,99214e63c6ae,0

1438775981113,11,Relate stuff,200,OK,Thread Group: Relate Stuff 2-6,text,true,,222,9,9,http://172.31.8.205:27474/db/data/transaction/commit,,11,ISO-8859-1,1,0,985aa859d74d,0

1438775981117,16,Relate stuff,200,OK,Thread Group: Relate Stuff 2-1,text,true,,222,10,10,http://172.31.8.205:27474/db/data/transaction/commit,,16,ISO-8859-1,1,0,985aa859d74d,0

1438775981118,26,Relate stuff,200,OK,Thread Group: Relate Stuff 2-2,text,true,,222,11,11,http://172.31.8.205:27474/db/data/transaction/commit,,26,ISO-8859-1,1,0,985aa859d74d,0

1438775981122,23,Relate stuff,200,OK,Thread Group: Relate Stuff 2-9,text,true,,222,11,11,http://172.31.8.205:27474/db/data/transaction/commit,,23,ISO-8859-1,1,0,985aa859d74d,0

1438775981124,30,Relate stuff,200,OK,Thread Group: Relate Stuff 2-6,text,true,,222,9,9,http://172.31.8.205:27474/db/data/transaction/commit,,30,ISO-8859-1,1,0,985aa859d74d,0

1438775981128,10,Relate stuff,200,OK,Thread Group: Relate Stuff 2-7,text,true,,222,11,11,http://172.31.8.205:27474/db/data/transaction/commit,,10,ISO-8859-1,1,0,985aa859d74d,0

1438775981134,26,Relate stuff,200,OK,Thread Group: Relate Stuff 2-1,text,true,,222,7,7,http://172.31.8.205:27474/db/data/transaction/commit,,26,ISO-8859-1,1,0,985aa859d74d,0

1438775981135,11,Relate stuff,200,OK,Thread Group: Relate Stuff 2-4,text,true,,222,11,11,http://172.31.8.205:27474/db/data/transaction/commit,,11,ISO-8859-1,1,0,985aa859d74d,0

1438775981136,16,Relate stuff,200,OK,Thread Group: Relate Stuff 2-5,text,true,,222,10,10,http://172.31.8.205:27474/db/data/transaction/commit,,16,ISO-8859-1,1,0,985aa859d74d,0

1438775981138,15,Relate stuff,200,OK,Thread Group: Relate Stuff 2-3,text,true,,222,9,9,http://172.31.8.205:27474/db/data/transaction/commit,,15,ISO-8859-1,1,0,985aa859d74d,0

1438775981139,19,Relate stuff,200,OK,Thread Group: Relate Stuff 2-7,text,true,,222,8,8,http://172.31.8.205:27474/db/data/transaction/commit,,19,ISO-8859-1,1,0,985aa859d74d,0

1438775981142,22,Relate stuff,200,OK,Thread Group: Relate Stuff 2-11,text,true,,222,2,2,http://172.31.8.205:27474/db/data/transaction/commit,,22,ISO-8859-1,1,0,985aa859d74d,0

1438775981147,20,Relate stuff,200,OK,Thread Group: Relate Stuff 2-10,text,true,,222,2,2,http://172.31.8.205:27474/db/data/transaction/commit,,20,ISO-8859-1,1,0,985aa859d74d,0

