1438775986367,20,Update people,200,OK,Thread Group: Core: GRUD User 8-2,text,true,,245,4,4,http://172.31.8.205:27474/db/data/transaction/commit,,20,ISO-8859-1,1,0,985aa859d74d,0

1438775986376,9,Update people,200,OK,Thread Group: Core: GRUD User 8-4,text,true,,245,4,4,http://172.31.8.205:27474/db/data/transaction/commit,,9,ISO-8859-1,1,0,985aa859d74d,0

1438775986377,12,Update people,200,OK,Thread Group: Core: GRUD User 8-1,text,true,,245,4,4,http://172.31.8.205:27474/db/data/transaction/commit,,12,ISO-8859-1,1,0,985aa859d74d,0

1438775986378,10,Update people,200,OK,Thread Group: Core: GRUD User 8-3,text,true,,245,4,4,http://172.31.8.205:27474/db/data/transaction/commit,,10,ISO-8859-1,1,0,985aa859d74d,0

1438775986419,17,Update people,200,OK,Thread Group: Core: GRUD User 8-1,text,true,,245,4,4,http://172.31.8.205:27474/db/data/transaction/commit,,17,ISO-8859-1,1,0,985aa859d74d,0

1438775986429,8,Update people,200,OK,Thread Group: Core: GRUD User 8-2,text,true,,245,4,4,http://172.31.8.205:27474/db/data/transaction/commit,,8,ISO-8859-1,1,0,985aa859d74d,0

1438775986431,9,Update people,200,OK,Thread Group: Core: GRUD User 8-3,text,true,,245,4,4,http://172.31.8.205:27474/db/data/transaction/commit,,9,ISO-8859-1,1,0,985aa859d74d,0

1438775986433,12,Update people,200,OK,Thread Group: Core: GRUD User 8-4,text,true,,245,4,4,http://172.31.8.205:27474/db/data/transaction/commit,,12,ISO-8859-1,1,0,985aa859d74d,0

1438775986459,28,Update people,200,OK,Thread Group: Core: GRUD User 8-2,text,true,,245,4,4,http://172.31.8.205:27474/db/data/transaction/commit,,28,ISO-8859-1,1,0,985aa859d74d,0

1438775986467,10,Update people,200,OK,Thread Group: Core: GRUD User 8-4,text,true,,245,4,4,http://172.31.8.205:27474/db/data/transaction/commit,,10,ISO-8859-1,1,0,985aa859d74d,0

1438775986470,10,Update people,200,OK,Thread Group: Core: GRUD User 8-1,text,true,,245,4,4,http://172.31.8.205:27474/db/data/transaction/commit,,10,ISO-8859-1,1,0,985aa859d74d,0

1438775986476,14,Update people,200,OK,Thread Group: Core: GRUD User 8-3,text,true,,245,4,4,http://172.31.8.205:27474/db/data/transaction/commit,,14,ISO-8859-1,1,0,985aa859d74d,0

1438775986514,14,Update people,200,OK,Thread Group: Core: GRUD User 8-1,text,true,,245,4,4,http://172.31.8.205:27474/db/data/transaction/commit,,14,ISO-8859-1,1,0,985aa859d74d,0

1438775986515,16,Update people,200,OK,Thread Group: Core: GRUD User 8-4,text,true,,245,4,4,http://172.31.8.205:27474/db/data/transaction/commit,,16,ISO-8859-1,1,0,985aa859d74d,0

1438775986521,13,Update people,200,OK,Thread Group: Core: GRUD User 8-2,text,true,,245,4,4,http://172.31.8.205:27474/db/data/transaction/commit,,13,ISO-8859-1,1,0,985aa859d74d,0

1438775986524,16,Update people,200,OK,Thread Group: Core: GRUD User 8-1,text,true,,245,4,4,http://172.31.8.205:27474/db/data/transaction/commit,,16,ISO-8859-1,1,0,12ae572e559d,0

1438775986525,10,Update people,200,OK,Thread Group: Core: GRUD User 8-3,text,true,,245,4,4,http://172.31.8.205:27474/db/data/transaction/commit,,10,ISO-8859-1,1,0,12ae572e559d,0

1438775986527,9,Update people,200,OK,Thread Group: Core: GRUD User 8-4,text,true,,245,4,4,http://172.31.8.205:27474/db/data/transaction/commit,,9,ISO-8859-1,1,0,12ae572e559d,0

1438775986530,15,Update people,200,OK,Thread Group: Core: GRUD User 8-3,text,true,,245,4,4,http://172.31.8.205:27474/db/data/transaction/commit,,15,ISO-8859-1,1,0,985aa859d74d,0

1438775986534,10,Update people,200,OK,Thread Group: Core: GRUD User 8-2,text,true,,245,4,4,http://172.31.8.205:27474/db/data/transaction/commit,,9,ISO-8859-1,1,0,12ae572e559d,0

1438775986555,17,Update people,200,OK,Thread Group: Core: GRUD User 8-4,text,true,,245,4,4,http://172.31.8.205:27474/db/data/transaction/commit,,17,ISO-8859-1,1,0,985aa859d74d,0

1438775986573,8,Update people,200,OK,Thread Group: Core: GRUD User 8-1,text,true,,245,3,3,http://172.31.8.205:27474/db/data/transaction/commit,,8,ISO-8859-1,1,0,985aa859d74d,0

1438775986573,11,Update people,200,OK,Thread Group: Core: GRUD User 8-2,text,true,,245,3,3,http://172.31.8.205:27474/db/data/transaction/commit,,11,ISO-8859-1,1,0,985aa859d74d,0

1438775986574,9,Update people,200,OK,Thread Group: Core: GRUD User 8-3,text,true,,245,3,3,http://172.31.8.205:27474/db/data/transaction/commit,,9,ISO-8859-1,1,0,985aa859d74d,0

1438775986580,26,Update people,200,OK,Thread Group: Core: GRUD User 8-3,text,true,,245,4,4,http://172.31.8.205:27474/db/data/transaction/commit,,26,ISO-8859-1,1,0,12ae572e559d,0

1438775986584,29,Update people,200,OK,Thread Group: Core: GRUD User 8-1,text,true,,245,4,4,http://172.31.8.205:27474/db/data/transaction/commit,,29,ISO-8859-1,1,0,12ae572e559d,0

1438775986601,10,Update people,200,OK,Thread Group: Core: GRUD User 8-2,text,true,,245,4,4,http://172.31.8.205:27474/db/data/transaction/commit,,10,ISO-8859-1,1,0,12ae572e559d,0

1438775986602,12,Update people,200,OK,Thread Group: Core: GRUD User 8-4,text,true,,245,4,4,http://172.31.8.205:27474/db/data/transaction/commit,,12,ISO-8859-1,1,0,12ae572e559d,0

1438775986651,20,Update people,200,OK,Thread Group: Core: GRUD User 8-2,text,true,,245,4,4,http://172.31.8.205:27474/db/data/transaction/commit,,20,ISO-8859-1,1,0,12ae572e559d,0

1438775986654,10,Update people,200,OK,Thread Group: Core: GRUD User 8-3,text,true,,245,4,4,http://172.31.8.205:27474/db/data/transaction/commit,,10,ISO-8859-1,1,0,12ae572e559d,0

1438775986659,11,Update people,200,OK,Thread Group: Core: GRUD User 8-4,text,true,,245,4,4,http://172.31.8.205:27474/db/data/transaction/commit,,11,ISO-8859-1,1,0,12ae572e559d,0

1438775986668,7,Update people,200,OK,Thread Group: Core: GRUD User 8-1,text,true,,245,4,4,http://172.31.8.205:27474/db/data/transaction/commit,,7,ISO-8859-1,1,0,12ae572e559d,0

1438775986694,12,Update people,200,OK,Thread Group: Core: GRUD User 8-1,text,true,,245,4,4,http://172.31.8.205:27474/db/data/transaction/commit,,12,ISO-8859-1,1,0,99214e63c6ae,0

1438775986696,9,Update people,200,OK,Thread Group: Core: GRUD User 8-3,text,true,,245,4,4,http://172.31.8.205:27474/db/data/transaction/commit,,8,ISO-8859-1,1,0,99214e63c6ae,0

1438775986702,9,Update people,200,OK,Thread Group: Core: GRUD User 8-4,text,true,,245,4,4,http://172.31.8.205:27474/db/data/transaction/commit,,9,ISO-8859-1,1,0,99214e63c6ae,0

1438775986703,12,Update people,200,OK,Thread Group: Core: GRUD User 8-2,text,true,,245,4,4,http://172.31.8.205:27474/db/data/transaction/commit,,12,ISO-8859-1,1,0,99214e63c6ae,0

1438775986708,23,Update people,200,OK,Thread Group: Core: GRUD User 8-3,text,true,,245,4,4,http://172.31.8.205:27474/db/data/transaction/commit,,23,ISO-8859-1,1,0,12ae572e559d,0

1438775986715,15,Update people,200,OK,Thread Group: Core: GRUD User 8-1,text,true,,245,4,4,http://172.31.8.205:27474/db/data/transaction/commit,,15,ISO-8859-1,1,0,12ae572e559d,0

1438775986720,8,Update people,200,OK,Thread Group: Core: GRUD User 8-4,text,true,,245,4,4,http://172.31.8.205:27474/db/data/transaction/commit,,8,ISO-8859-1,1,0,12ae572e559d,0

1438775986723,18,Update people,200,OK,Thread Group: Core: GRUD User 8-2,text,true,,245,4,4,http://172.31.8.205:27474/db/data/transaction/commit,,18,ISO-8859-1,1,0,12ae572e559d,0

1438775986748,31,Update people,200,OK,Thread Group: Core: GRUD User 8-3,text,true,,245,4,4,http://172.31.8.205:27474/db/data/transaction/commit,,31,ISO-8859-1,1,0,99214e63c6ae,0

1438775986765,12,Update people,200,OK,Thread Group: Core: GRUD User 8-1,text,true,,245,4,4,http://172.31.8.205:27474/db/data/transaction/commit,,12,ISO-8859-1,1,0,99214e63c6ae,0

1438775986766,9,Update people,200,OK,Thread Group: Core: GRUD User 8-4,text,true,,245,4,4,http://172.31.8.205:27474/db/data/transaction/commit,,9,ISO-8859-1,1,0,99214e63c6ae,0

1438775986767,9,Update people,200,OK,Thread Group: Core: GRUD User 8-2,text,true,,245,4,4,http://172.31.8.205:27474/db/data/transaction/commit,,9,ISO-8859-1,1,0,99214e63c6ae,0

1438775986772,26,Update people,200,OK,Thread Group: Core: GRUD User 8-2,text,true,,245,4,4,http://172.31.8.205:27474/db/data/transaction/commit,,26,ISO-8859-1,1,0,12ae572e559d,0

1438775986775,20,Update people,200,OK,Thread Group: Core: GRUD User 8-3,text,true,,245,4,4,http://172.31.8.205:27474/db/data/transaction/commit,,20,ISO-8859-1,1,0,12ae572e559d,0

1438775986794,9,Update people,200,OK,Thread Group: Core: GRUD User 8-4,text,true,,245,3,3,http://172.31.8.205:27474/db/data/transaction/commit,,9,ISO-8859-1,1,0,12ae572e559d,0

1438775986796,9,Update people,200,OK,Thread Group: Core: GRUD User 8-1,text,true,,245,2,2,http://172.31.8.205:27474/db/data/transaction/commit,,9,ISO-8859-1,1,0,12ae572e559d,0

1438775986820,24,Update people,200,OK,Thread Group: Core: GRUD User 8-1,text,true,,245,4,4,http://172.31.8.205:27474/db/data/transaction/commit,,24,ISO-8859-1,1,0,99214e63c6ae,0

1438775986823,11,Update people,200,OK,Thread Group: Core: GRUD User 8-4,text,true,,245,4,4,http://172.31.8.205:27474/db/data/transaction/commit,,11,ISO-8859-1,1,0,99214e63c6ae,0

1438775986831,11,Update people,200,OK,Thread Group: Core: GRUD User 8-2,text,true,,245,4,4,http://172.31.8.205:27474/db/data/transaction/commit,,11,ISO-8859-1,1,0,99214e63c6ae,0

1438775986832,13,Update people,200,OK,Thread Group: Core: GRUD User 8-3,text,true,,245,4,4,http://172.31.8.205:27474/db/data/transaction/commit,,13,ISO-8859-1,1,0,99214e63c6ae,0

1438775986876,31,Update people,200,OK,Thread Group: Core: GRUD User 8-1,text,true,,245,4,4,http://172.31.8.205:27474/db/data/transaction/commit,,31,ISO-8859-1,1,0,99214e63c6ae,0

1438775986882,16,Update people,200,OK,Thread Group: Core: GRUD User 8-3,text,true,,245,4,4,http://172.31.8.205:27474/db/data/transaction/commit,,15,ISO-8859-1,1,0,99214e63c6ae,0

1438775986888,11,Update people,200,OK,Thread Group: Core: GRUD User 8-2,text,true,,245,4,4,http://172.31.8.205:27474/db/data/transaction/commit,,11,ISO-8859-1,1,0,99214e63c6ae,0

1438775986893,10,Update people,200,OK,Thread Group: Core: GRUD User 8-4,text,true,,245,4,4,http://172.31.8.205:27474/db/data/transaction/commit,,10,ISO-8859-1,1,0,99214e63c6ae,0

1438775986943,16,Update people,200,OK,Thread Group: Core: GRUD User 8-3,text,true,,245,4,4,http://172.31.8.205:27474/db/data/transaction/commit,,16,ISO-8859-1,1,0,99214e63c6ae,0

1438775986946,12,Update people,200,OK,Thread Group: Core: GRUD User 8-4,text,true,,245,4,4,http://172.31.8.205:27474/db/data/transaction/commit,,12,ISO-8859-1,1,0,99214e63c6ae,0

1438775986956,17,Update people,200,OK,Thread Group: Core: GRUD User 8-1,text,true,,245,4,4,http://172.31.8.205:27474/db/data/transaction/commit,,17,ISO-8859-1,1,0,99214e63c6ae,0

1438775986957,14,Update people,200,OK,Thread Group: Core: GRUD User 8-2,text,true,,245,4,4,http://172.31.8.205:27474/db/data/transaction/commit,,14,ISO-8859-1,1,0,99214e63c6ae,0

