1438775983893,5,Verlinke wsi mit plain text,200,OK,Thread Group: getWorkspaceItems 7-1,text,true,,245,1,1,http://172.31.8.205:27474/db/data/transaction/commit,,5,ISO-8859-1,1,0,985aa859d74d,0

1438775983937,6,Verlinke wsi mit plain text,200,OK,Thread Group: getWorkspaceItems 7-1,text,true,,245,1,1,http://172.31.8.205:27474/db/data/transaction/commit,,6,ISO-8859-1,1,0,985aa859d74d,0

1438775983950,6,Verlinke wsi mit plain text,200,OK,Thread Group: getWorkspaceItems 7-1,text,true,,245,1,1,http://172.31.8.205:27474/db/data/transaction/commit,,6,ISO-8859-1,1,0,12ae572e559d,0

1438775983987,6,Verlinke wsi mit plain text,200,OK,Thread Group: getWorkspaceItems 7-1,text,true,,245,1,1,http://172.31.8.205:27474/db/data/transaction/commit,,6,ISO-8859-1,1,0,985aa859d74d,0

1438775984010,9,Verlinke wsi mit plain text,200,OK,Thread Group: getWorkspaceItems 7-1,text,true,,245,1,1,http://172.31.8.205:27474/db/data/transaction/commit,,9,ISO-8859-1,1,0,12ae572e559d,0

1438775984055,5,Verlinke wsi mit plain text,200,OK,Thread Group: getWorkspaceItems 7-1,text,true,,245,1,1,http://172.31.8.205:27474/db/data/transaction/commit,,5,ISO-8859-1,1,0,12ae572e559d,0

1438775984062,6,Verlinke wsi mit plain text,200,OK,Thread Group: getWorkspaceItems 7-1,text,true,,245,1,1,http://172.31.8.205:27474/db/data/transaction/commit,,6,ISO-8859-1,1,0,99214e63c6ae,0

1438775984104,8,Verlinke wsi mit plain text,200,OK,Thread Group: getWorkspaceItems 7-1,text,true,,245,2,2,http://172.31.8.205:27474/db/data/transaction/commit,,8,ISO-8859-1,1,0,985aa859d74d,0

1438775984113,7,Verlinke wsi mit plain text,200,OK,Thread Group: getWorkspaceItems 7-1,text,true,,245,1,1,http://172.31.8.205:27474/db/data/transaction/commit,,7,ISO-8859-1,1,0,99214e63c6ae,0

1438775984129,7,Verlinke wsi mit plain text,200,OK,Thread Group: getWorkspaceItems 7-2,text,true,,245,2,2,http://172.31.8.205:27474/db/data/transaction/commit,,7,ISO-8859-1,1,0,985aa859d74d,0

1438775984157,6,Verlinke wsi mit plain text,200,OK,Thread Group: getWorkspaceItems 7-1,text,true,,245,2,2,http://172.31.8.205:27474/db/data/transaction/commit,,6,ISO-8859-1,1,0,985aa859d74d,0

1438775984162,6,Verlinke wsi mit plain text,200,OK,Thread Group: getWorkspaceItems 7-1,text,true,,245,1,1,http://172.31.8.205:27474/db/data/transaction/commit,,6,ISO-8859-1,1,0,99214e63c6ae,0

1438775984185,7,Verlinke wsi mit plain text,200,OK,Thread Group: getWorkspaceItems 7-2,text,true,,245,2,2,http://172.31.8.205:27474/db/data/transaction/commit,,7,ISO-8859-1,1,0,12ae572e559d,0

1438775984193,9,Verlinke wsi mit plain text,200,OK,Thread Group: getWorkspaceItems 7-1,text,true,,245,2,2,http://172.31.8.205:27474/db/data/transaction/commit,,9,ISO-8859-1,1,0,12ae572e559d,0

1438775984247,5,Verlinke wsi mit plain text,200,OK,Thread Group: getWorkspaceItems 7-2,text,true,,245,2,2,http://172.31.8.205:27474/db/data/transaction/commit,,5,ISO-8859-1,1,0,12ae572e559d,0

1438775984284,11,Verlinke wsi mit plain text,200,OK,Thread Group: getWorkspaceItems 7-1,text,true,,245,2,2,http://172.31.8.205:27474/db/data/transaction/commit,,11,ISO-8859-1,1,0,99214e63c6ae,0

1438775984316,8,Verlinke wsi mit plain text,200,OK,Thread Group: getWorkspaceItems 7-2,text,true,,245,3,3,http://172.31.8.205:27474/db/data/transaction/commit,,8,ISO-8859-1,1,0,985aa859d74d,0

1438775984325,8,Verlinke wsi mit plain text,200,OK,Thread Group: getWorkspaceItems 7-2,text,true,,245,2,2,http://172.31.8.205:27474/db/data/transaction/commit,,8,ISO-8859-1,1,0,99214e63c6ae,0

1438775984341,6,Verlinke wsi mit plain text,200,OK,Thread Group: getWorkspaceItems 7-1,text,true,,245,2,2,http://172.31.8.205:27474/db/data/transaction/commit,,6,ISO-8859-1,1,0,99214e63c6ae,0

1438775984381,10,Verlinke wsi mit plain text,200,OK,Thread Group: getWorkspaceItems 7-1,text,true,,245,3,3,http://172.31.8.205:27474/db/data/transaction/commit,,10,ISO-8859-1,1,0,985aa859d74d,0

1438775984399,8,Verlinke wsi mit plain text,200,OK,Thread Group: getWorkspaceItems 7-1,text,true,,245,3,3,http://172.31.8.205:27474/db/data/transaction/commit,,8,ISO-8859-1,1,0,12ae572e559d,0

1438775984401,25,Verlinke wsi mit plain text,200,OK,Thread Group: getWorkspaceItems 7-2,text,true,,245,3,3,http://172.31.8.205:27474/db/data/transaction/commit,,25,ISO-8859-1,1,0,985aa859d74d,0

1438775984430,5,Verlinke wsi mit plain text,200,OK,Thread Group: getWorkspaceItems 7-3,text,true,,245,3,3,http://172.31.8.205:27474/db/data/transaction/commit,,5,ISO-8859-1,1,0,12ae572e559d,0

1438775984442,13,Verlinke wsi mit plain text,200,OK,Thread Group: getWorkspaceItems 7-1,text,true,,245,3,3,http://172.31.8.205:27474/db/data/transaction/commit,,13,ISO-8859-1,1,0,12ae572e559d,0

1438775984445,12,Verlinke wsi mit plain text,200,OK,Thread Group: getWorkspaceItems 7-3,text,true,,245,3,3,http://172.31.8.205:27474/db/data/transaction/commit,,12,ISO-8859-1,1,0,985aa859d74d,0

1438775984489,13,Verlinke wsi mit plain text,200,OK,Thread Group: getWorkspaceItems 7-3,text,true,,245,3,3,http://172.31.8.205:27474/db/data/transaction/commit,,13,ISO-8859-1,1,0,12ae572e559d,0

1438775984497,9,Verlinke wsi mit plain text,200,OK,Thread Group: getWorkspaceItems 7-2,text,true,,245,3,3,http://172.31.8.205:27474/db/data/transaction/commit,,9,ISO-8859-1,1,0,12ae572e559d,0

1438775984535,6,Verlinke wsi mit plain text,200,OK,Thread Group: getWorkspaceItems 7-1,text,true,,245,3,3,http://172.31.8.205:27474/db/data/transaction/commit,,6,ISO-8859-1,1,0,99214e63c6ae,0

1438775984538,7,Verlinke wsi mit plain text,200,OK,Thread Group: getWorkspaceItems 7-3,text,true,,245,3,3,http://172.31.8.205:27474/db/data/transaction/commit,,7,ISO-8859-1,1,0,99214e63c6ae,0

1438775984562,19,Verlinke wsi mit plain text,200,OK,Thread Group: getWorkspaceItems 7-3,text,true,,245,4,4,http://172.31.8.205:27474/db/data/transaction/commit,,19,ISO-8859-1,1,0,985aa859d74d,0

1438775984573,6,Verlinke wsi mit plain text,200,OK,Thread Group: getWorkspaceItems 7-2,text,true,,245,3,3,http://172.31.8.205:27474/db/data/transaction/commit,,6,ISO-8859-1,1,0,99214e63c6ae,0

1438775984578,10,Verlinke wsi mit plain text,200,OK,Thread Group: getWorkspaceItems 7-3,text,true,,245,3,3,http://172.31.8.205:27474/db/data/transaction/commit,,10,ISO-8859-1,1,0,12ae572e559d,0

1438775984578,16,Verlinke wsi mit plain text,200,OK,Thread Group: getWorkspaceItems 7-1,text,true,,245,4,4,http://172.31.8.205:27474/db/data/transaction/commit,,16,ISO-8859-1,1,0,985aa859d74d,0

1438775984590,14,Verlinke wsi mit plain text,200,OK,Thread Group: getWorkspaceItems 7-1,text,true,,245,4,4,http://172.31.8.205:27474/db/data/transaction/commit,,14,ISO-8859-1,1,0,12ae572e559d,0

1438775984613,16,Verlinke wsi mit plain text,200,OK,Thread Group: getWorkspaceItems 7-2,text,true,,245,4,4,http://172.31.8.205:27474/db/data/transaction/commit,,16,ISO-8859-1,1,0,985aa859d74d,0

1438775984621,8,Verlinke wsi mit plain text,200,OK,Thread Group: getWorkspaceItems 7-3,text,true,,245,3,3,http://172.31.8.205:27474/db/data/transaction/commit,,8,ISO-8859-1,1,0,99214e63c6ae,0

1438775984668,15,Verlinke wsi mit plain text,200,OK,Thread Group: getWorkspaceItems 7-2,text,true,,245,4,4,http://172.31.8.205:27474/db/data/transaction/commit,,15,ISO-8859-1,1,0,12ae572e559d,0

1438775984673,6,Verlinke wsi mit plain text,200,OK,Thread Group: getWorkspaceItems 7-2,text,true,,245,3,3,http://172.31.8.205:27474/db/data/transaction/commit,,6,ISO-8859-1,1,0,99214e63c6ae,0

1438775984679,9,Verlinke wsi mit plain text,200,OK,Thread Group: getWorkspaceItems 7-1,text,true,,245,3,3,http://172.31.8.205:27474/db/data/transaction/commit,,8,ISO-8859-1,1,0,99214e63c6ae,0

1438775984686,18,Verlinke wsi mit plain text,200,OK,Thread Group: getWorkspaceItems 7-3,text,true,,245,4,4,http://172.31.8.205:27474/db/data/transaction/commit,,18,ISO-8859-1,1,0,985aa859d74d,0

1438775984708,18,Verlinke wsi mit plain text,200,OK,Thread Group: getWorkspaceItems 7-2,text,true,,245,4,4,http://172.31.8.205:27474/db/data/transaction/commit,,18,ISO-8859-1,1,0,985aa859d74d,0

1438775984711,15,Verlinke wsi mit plain text,200,OK,Thread Group: getWorkspaceItems 7-3,text,true,,245,4,4,http://172.31.8.205:27474/db/data/transaction/commit,,15,ISO-8859-1,1,0,99214e63c6ae,0

1438775984711,16,Verlinke wsi mit plain text,200,OK,Thread Group: getWorkspaceItems 7-1,text,true,,245,4,4,http://172.31.8.205:27474/db/data/transaction/commit,,16,ISO-8859-1,1,0,12ae572e559d,0

1438775984722,10,Verlinke wsi mit plain text,200,OK,Thread Group: getWorkspaceItems 7-4,text,true,,245,4,4,http://172.31.8.205:27474/db/data/transaction/commit,,10,ISO-8859-1,1,0,985aa859d74d,0

1438775984725,8,Verlinke wsi mit plain text,200,OK,Thread Group: getWorkspaceItems 7-1,text,true,,245,4,4,http://172.31.8.205:27474/db/data/transaction/commit,,8,ISO-8859-1,1,0,985aa859d74d,0

1438775984777,17,Verlinke wsi mit plain text,200,OK,Thread Group: getWorkspaceItems 7-1,text,true,,245,4,4,http://172.31.8.205:27474/db/data/transaction/commit,,17,ISO-8859-1,1,0,99214e63c6ae,0

1438775984783,21,Verlinke wsi mit plain text,200,OK,Thread Group: getWorkspaceItems 7-2,text,true,,245,4,4,http://172.31.8.205:27474/db/data/transaction/commit,,21,ISO-8859-1,1,0,12ae572e559d,0

1438775984799,12,Verlinke wsi mit plain text,200,OK,Thread Group: getWorkspaceItems 7-4,text,true,,245,4,4,http://172.31.8.205:27474/db/data/transaction/commit,,12,ISO-8859-1,1,0,985aa859d74d,0

1438775984809,15,Verlinke wsi mit plain text,200,OK,Thread Group: getWorkspaceItems 7-4,text,true,,245,4,4,http://172.31.8.205:27474/db/data/transaction/commit,,15,ISO-8859-1,1,0,12ae572e559d,0

1438775984820,6,Verlinke wsi mit plain text,200,OK,Thread Group: getWorkspaceItems 7-2,text,true,,245,4,4,http://172.31.8.205:27474/db/data/transaction/commit,,6,ISO-8859-1,1,0,985aa859d74d,0

1438775984823,15,Verlinke wsi mit plain text,200,OK,Thread Group: getWorkspaceItems 7-2,text,true,,245,4,4,http://172.31.8.205:27474/db/data/transaction/commit,,15,ISO-8859-1,1,0,99214e63c6ae,0

1438775984823,10,Verlinke wsi mit plain text,200,OK,Thread Group: getWorkspaceItems 7-1,text,true,,245,4,4,http://172.31.8.205:27474/db/data/transaction/commit,,10,ISO-8859-1,1,0,985aa859d74d,0

1438775984828,14,Verlinke wsi mit plain text,200,OK,Thread Group: getWorkspaceItems 7-3,text,true,,245,4,4,http://172.31.8.205:27474/db/data/transaction/commit,,14,ISO-8859-1,1,0,12ae572e559d,0

1438775984830,20,Verlinke wsi mit plain text,200,OK,Thread Group: getWorkspaceItems 7-3,text,true,,245,4,4,http://172.31.8.205:27474/db/data/transaction/commit,,20,ISO-8859-1,1,0,985aa859d74d,0

1438775984836,12,Verlinke wsi mit plain text,200,OK,Thread Group: getWorkspaceItems 7-1,text,true,,245,4,4,http://172.31.8.205:27474/db/data/transaction/commit,,12,ISO-8859-1,1,0,12ae572e559d,0

1438775984859,6,Verlinke wsi mit plain text,200,OK,Thread Group: getWorkspaceItems 7-4,text,true,,245,4,4,http://172.31.8.205:27474/db/data/transaction/commit,,6,ISO-8859-1,1,0,985aa859d74d,0

1438775984873,14,Verlinke wsi mit plain text,200,OK,Thread Group: getWorkspaceItems 7-1,text,true,,245,4,4,http://172.31.8.205:27474/db/data/transaction/commit,,14,ISO-8859-1,1,0,99214e63c6ae,0

1438775984879,6,Verlinke wsi mit plain text,200,OK,Thread Group: getWorkspaceItems 7-3,text,true,,245,4,4,http://172.31.8.205:27474/db/data/transaction/commit,,6,ISO-8859-1,1,0,985aa859d74d,0

1438775984886,10,Verlinke wsi mit plain text,200,OK,Thread Group: getWorkspaceItems 7-4,text,true,,245,4,4,http://172.31.8.205:27474/db/data/transaction/commit,,10,ISO-8859-1,1,0,12ae572e559d,0

1438775984893,9,Verlinke wsi mit plain text,200,OK,Thread Group: getWorkspaceItems 7-4,text,true,,245,4,4,http://172.31.8.205:27474/db/data/transaction/commit,,9,ISO-8859-1,1,0,99214e63c6ae,0

1438775984905,6,Verlinke wsi mit plain text,200,OK,Thread Group: getWorkspaceItems 7-3,text,true,,245,4,4,http://172.31.8.205:27474/db/data/transaction/commit,,6,ISO-8859-1,1,0,985aa859d74d,0

1438775984912,15,Verlinke wsi mit plain text,200,OK,Thread Group: getWorkspaceItems 7-2,text,true,,245,4,4,http://172.31.8.205:27474/db/data/transaction/commit,,15,ISO-8859-1,1,0,12ae572e559d,0

1438775984931,12,Verlinke wsi mit plain text,200,OK,Thread Group: getWorkspaceItems 7-3,text,true,,245,4,4,http://172.31.8.205:27474/db/data/transaction/commit,,12,ISO-8859-1,1,0,12ae572e559d,0

1438775984935,13,Verlinke wsi mit plain text,200,OK,Thread Group: getWorkspaceItems 7-2,text,true,,245,4,4,http://172.31.8.205:27474/db/data/transaction/commit,,13,ISO-8859-1,1,0,99214e63c6ae,0

1438775984946,12,Verlinke wsi mit plain text,200,OK,Thread Group: getWorkspaceItems 7-3,text,true,,245,4,4,http://172.31.8.205:27474/db/data/transaction/commit,,12,ISO-8859-1,1,0,99214e63c6ae,0

1438775984966,6,Verlinke wsi mit plain text,200,OK,Thread Group: getWorkspaceItems 7-4,text,true,,245,4,4,http://172.31.8.205:27474/db/data/transaction/commit,,6,ISO-8859-1,1,0,12ae572e559d,0

1438775984975,10,Verlinke wsi mit plain text,200,OK,Thread Group: getWorkspaceItems 7-1,text,true,,245,4,4,http://172.31.8.205:27474/db/data/transaction/commit,,10,ISO-8859-1,1,0,12ae572e559d,0

1438775984987,13,Verlinke wsi mit plain text,200,OK,Thread Group: getWorkspaceItems 7-4,text,true,,245,4,4,http://172.31.8.205:27474/db/data/transaction/commit,,13,ISO-8859-1,1,0,985aa859d74d,0

1438775985004,13,Verlinke wsi mit plain text,200,OK,Thread Group: getWorkspaceItems 7-4,text,true,,245,4,4,http://172.31.8.205:27474/db/data/transaction/commit,,13,ISO-8859-1,1,0,99214e63c6ae,0

1438775985010,11,Verlinke wsi mit plain text,200,OK,Thread Group: getWorkspaceItems 7-2,text,true,,245,4,4,http://172.31.8.205:27474/db/data/transaction/commit,,11,ISO-8859-1,1,0,99214e63c6ae,0

1438775985015,7,Verlinke wsi mit plain text,200,OK,Thread Group: getWorkspaceItems 7-3,text,true,,245,4,4,http://172.31.8.205:27474/db/data/transaction/commit,,7,ISO-8859-1,1,0,985aa859d74d,0

1438775985021,10,Verlinke wsi mit plain text,200,OK,Thread Group: getWorkspaceItems 7-3,text,true,,245,4,4,http://172.31.8.205:27474/db/data/transaction/commit,,10,ISO-8859-1,1,0,99214e63c6ae,0

1438775985030,13,Verlinke wsi mit plain text,200,OK,Thread Group: getWorkspaceItems 7-1,text,true,,245,4,4,http://172.31.8.205:27474/db/data/transaction/commit,,13,ISO-8859-1,1,0,99214e63c6ae,0

1438775985030,7,Verlinke wsi mit plain text,200,OK,Thread Group: getWorkspaceItems 7-1,text,true,,245,4,4,http://172.31.8.205:27474/db/data/transaction/commit,,7,ISO-8859-1,1,0,12ae572e559d,0

1438775985043,6,Verlinke wsi mit plain text,200,OK,Thread Group: getWorkspaceItems 7-3,text,true,,245,4,4,http://172.31.8.205:27474/db/data/transaction/commit,,6,ISO-8859-1,1,0,12ae572e559d,0

1438775985054,14,Verlinke wsi mit plain text,200,OK,Thread Group: getWorkspaceItems 7-1,text,true,,245,4,4,http://172.31.8.205:27474/db/data/transaction/commit,,14,ISO-8859-1,1,0,985aa859d74d,0

1438775985060,12,Verlinke wsi mit plain text,200,OK,Thread Group: getWorkspaceItems 7-2,text,true,,245,4,4,http://172.31.8.205:27474/db/data/transaction/commit,,12,ISO-8859-1,1,0,985aa859d74d,0

1438775985075,11,Verlinke wsi mit plain text,200,OK,Thread Group: getWorkspaceItems 7-4,text,true,,245,4,4,http://172.31.8.205:27474/db/data/transaction/commit,,11,ISO-8859-1,1,0,985aa859d74d,0

1438775985082,15,Verlinke wsi mit plain text,200,OK,Thread Group: getWorkspaceItems 7-3,text,true,,245,4,4,http://172.31.8.205:27474/db/data/transaction/commit,,15,ISO-8859-1,1,0,985aa859d74d,0

1438775985084,7,Verlinke wsi mit plain text,200,OK,Thread Group: getWorkspaceItems 7-1,text,true,,245,4,4,http://172.31.8.205:27474/db/data/transaction/commit,,7,ISO-8859-1,1,0,12ae572e559d,0

1438775985097,9,Verlinke wsi mit plain text,200,OK,Thread Group: getWorkspaceItems 7-2,text,true,,245,4,4,http://172.31.8.205:27474/db/data/transaction/commit,,9,ISO-8859-1,1,0,12ae572e559d,0

1438775985146,13,Verlinke wsi mit plain text,200,OK,Thread Group: getWorkspaceItems 7-2,text,true,,245,4,4,http://172.31.8.205:27474/db/data/transaction/commit,,13,ISO-8859-1,1,0,985aa859d74d,0

1438775985148,8,Verlinke wsi mit plain text,200,OK,Thread Group: getWorkspaceItems 7-3,text,true,,245,4,4,http://172.31.8.205:27474/db/data/transaction/commit,,8,ISO-8859-1,1,0,99214e63c6ae,0

1438775985151,14,Verlinke wsi mit plain text,200,OK,Thread Group: getWorkspaceItems 7-1,text,true,,245,4,4,http://172.31.8.205:27474/db/data/transaction/commit,,14,ISO-8859-1,1,0,985aa859d74d,0

1438775985156,14,Verlinke wsi mit plain text,200,OK,Thread Group: getWorkspaceItems 7-2,text,true,,245,4,4,http://172.31.8.205:27474/db/data/transaction/commit,,14,ISO-8859-1,1,0,12ae572e559d,0

1438775985158,11,Verlinke wsi mit plain text,200,OK,Thread Group: getWorkspaceItems 7-4,text,true,,245,4,4,http://172.31.8.205:27474/db/data/transaction/commit,,11,ISO-8859-1,1,0,985aa859d74d,0

1438775985162,11,Verlinke wsi mit plain text,200,OK,Thread Group: getWorkspaceItems 7-4,text,true,,245,4,4,http://172.31.8.205:27474/db/data/transaction/commit,,11,ISO-8859-1,1,0,12ae572e559d,0

1438775985173,10,Verlinke wsi mit plain text,200,OK,Thread Group: getWorkspaceItems 7-3,text,true,,245,4,4,http://172.31.8.205:27474/db/data/transaction/commit,,10,ISO-8859-1,1,0,985aa859d74d,0

1438775985179,8,Verlinke wsi mit plain text,200,OK,Thread Group: getWorkspaceItems 7-4,text,true,,245,4,4,http://172.31.8.205:27474/db/data/transaction/commit,,8,ISO-8859-1,1,0,99214e63c6ae,0

1438775985184,7,Verlinke wsi mit plain text,200,OK,Thread Group: getWorkspaceItems 7-1,text,true,,245,4,4,http://172.31.8.205:27474/db/data/transaction/commit,,7,ISO-8859-1,1,0,99214e63c6ae,0

1438775985186,13,Verlinke wsi mit plain text,200,OK,Thread Group: getWorkspaceItems 7-3,text,true,,245,4,4,http://172.31.8.205:27474/db/data/transaction/commit,,13,ISO-8859-1,1,0,12ae572e559d,0

1438775985213,11,Verlinke wsi mit plain text,200,OK,Thread Group: getWorkspaceItems 7-2,text,true,,245,4,4,http://172.31.8.205:27474/db/data/transaction/commit,,10,ISO-8859-1,1,0,99214e63c6ae,0

1438775985215,8,Verlinke wsi mit plain text,200,OK,Thread Group: getWorkspaceItems 7-2,text,true,,245,4,4,http://172.31.8.205:27474/db/data/transaction/commit,,8,ISO-8859-1,1,0,12ae572e559d,0

1438775985223,8,Verlinke wsi mit plain text,200,OK,Thread Group: getWorkspaceItems 7-1,text,true,,245,4,4,http://172.31.8.205:27474/db/data/transaction/commit,,8,ISO-8859-1,1,0,99214e63c6ae,0

1438775985224,14,Verlinke wsi mit plain text,200,OK,Thread Group: getWorkspaceItems 7-1,text,true,,245,4,4,http://172.31.8.205:27474/db/data/transaction/commit,,14,ISO-8859-1,1,0,985aa859d74d,0

1438775985231,14,Verlinke wsi mit plain text,200,OK,Thread Group: getWorkspaceItems 7-2,text,true,,245,4,4,http://172.31.8.205:27474/db/data/transaction/commit,,14,ISO-8859-1,1,0,985aa859d74d,0

1438775985237,19,Verlinke wsi mit plain text,200,OK,Thread Group: getWorkspaceItems 7-1,text,true,,245,4,4,http://172.31.8.205:27474/db/data/transaction/commit,,19,ISO-8859-1,1,0,12ae572e559d,0

1438775985255,14,Verlinke wsi mit plain text,200,OK,Thread Group: getWorkspaceItems 7-3,text,true,,245,4,4,http://172.31.8.205:27474/db/data/transaction/commit,,14,ISO-8859-1,1,0,12ae572e559d,0

1438775985259,15,Verlinke wsi mit plain text,200,OK,Thread Group: getWorkspaceItems 7-4,text,true,,245,4,4,http://172.31.8.205:27474/db/data/transaction/commit,,15,ISO-8859-1,1,0,12ae572e559d,0

1438775985275,13,Verlinke wsi mit plain text,200,OK,Thread Group: getWorkspaceItems 7-2,text,true,,245,4,4,http://172.31.8.205:27474/db/data/transaction/commit,,13,ISO-8859-1,1,0,99214e63c6ae,0

1438775985288,16,Verlinke wsi mit plain text,200,OK,Thread Group: getWorkspaceItems 7-3,text,true,,245,4,4,http://172.31.8.205:27474/db/data/transaction/commit,,16,ISO-8859-1,1,0,99214e63c6ae,0

1438775985311,7,Verlinke wsi mit plain text,200,OK,Thread Group: getWorkspaceItems 7-3,text,true,,245,4,4,http://172.31.8.205:27474/db/data/transaction/commit,,7,ISO-8859-1,1,0,985aa859d74d,0

1438775985313,13,Verlinke wsi mit plain text,200,OK,Thread Group: getWorkspaceItems 7-1,text,true,,245,4,4,http://172.31.8.205:27474/db/data/transaction/commit,,13,ISO-8859-1,1,0,12ae572e559d,0

1438775985318,12,Verlinke wsi mit plain text,200,OK,Thread Group: getWorkspaceItems 7-4,text,true,,245,4,4,http://172.31.8.205:27474/db/data/transaction/commit,,12,ISO-8859-1,1,0,985aa859d74d,0

1438775985329,15,Verlinke wsi mit plain text,200,OK,Thread Group: getWorkspaceItems 7-4,text,true,,245,4,4,http://172.31.8.205:27474/db/data/transaction/commit,,15,ISO-8859-1,1,0,99214e63c6ae,0

1438775985331,22,Verlinke wsi mit plain text,200,OK,Thread Group: getWorkspaceItems 7-4,text,true,,245,4,4,http://172.31.8.205:27474/db/data/transaction/commit,,22,ISO-8859-1,1,0,12ae572e559d,0

1438775985348,12,Verlinke wsi mit plain text,200,OK,Thread Group: getWorkspaceItems 7-2,text,true,,245,4,4,http://172.31.8.205:27474/db/data/transaction/commit,,12,ISO-8859-1,1,0,99214e63c6ae,0

1438775985349,19,Verlinke wsi mit plain text,200,OK,Thread Group: getWorkspaceItems 7-3,text,true,,245,4,4,http://172.31.8.205:27474/db/data/transaction/commit,,19,ISO-8859-1,1,0,12ae572e559d,0

1438775985363,6,Verlinke wsi mit plain text,200,OK,Thread Group: getWorkspaceItems 7-1,text,true,,245,4,4,http://172.31.8.205:27474/db/data/transaction/commit,,6,ISO-8859-1,1,0,985aa859d74d,0

1438775985367,6,Verlinke wsi mit plain text,200,OK,Thread Group: getWorkspaceItems 7-3,text,true,,245,4,4,http://172.31.8.205:27474/db/data/transaction/commit,,6,ISO-8859-1,1,0,985aa859d74d,0

1438775985368,22,Verlinke wsi mit plain text,200,OK,Thread Group: getWorkspaceItems 7-1,text,true,,245,4,4,http://172.31.8.205:27474/db/data/transaction/commit,,22,ISO-8859-1,1,0,99214e63c6ae,0

1438775985370,7,Verlinke wsi mit plain text,200,OK,Thread Group: getWorkspaceItems 7-4,text,true,,245,4,4,http://172.31.8.205:27474/db/data/transaction/commit,,7,ISO-8859-1,1,0,985aa859d74d,0

1438775985385,19,Verlinke wsi mit plain text,200,OK,Thread Group: getWorkspaceItems 7-1,text,true,,245,4,4,http://172.31.8.205:27474/db/data/transaction/commit,,19,ISO-8859-1,1,0,12ae572e559d,0

1438775985390,18,Verlinke wsi mit plain text,200,OK,Thread Group: getWorkspaceItems 7-3,text,true,,245,4,4,http://172.31.8.205:27474/db/data/transaction/commit,,18,ISO-8859-1,1,0,99214e63c6ae,0

1438775985394,16,Verlinke wsi mit plain text,200,OK,Thread Group: getWorkspaceItems 7-2,text,true,,245,4,4,http://172.31.8.205:27474/db/data/transaction/commit,,16,ISO-8859-1,1,0,12ae572e559d,0

1438775985398,14,Verlinke wsi mit plain text,200,OK,Thread Group: getWorkspaceItems 7-4,text,true,,245,4,4,http://172.31.8.205:27474/db/data/transaction/commit,,14,ISO-8859-1,1,0,99214e63c6ae,0

1438775985440,5,Verlinke wsi mit plain text,200,OK,Thread Group: getWorkspaceItems 7-2,text,true,,245,4,4,http://172.31.8.205:27474/db/data/transaction/commit,,5,ISO-8859-1,1,0,985aa859d74d,0

1438775985453,9,Verlinke wsi mit plain text,200,OK,Thread Group: getWorkspaceItems 7-4,text,true,,245,3,3,http://172.31.8.205:27474/db/data/transaction/commit,,9,ISO-8859-1,1,0,12ae572e559d,0

1438775985453,22,Verlinke wsi mit plain text,200,OK,Thread Group: getWorkspaceItems 7-1,text,true,,245,4,4,http://172.31.8.205:27474/db/data/transaction/commit,,22,ISO-8859-1,1,0,99214e63c6ae,0

1438775985457,15,Verlinke wsi mit plain text,200,OK,Thread Group: getWorkspaceItems 7-2,text,true,,245,3,3,http://172.31.8.205:27474/db/data/transaction/commit,,15,ISO-8859-1,1,0,12ae572e559d,0

1438775985470,15,Verlinke wsi mit plain text,200,OK,Thread Group: getWorkspaceItems 7-3,text,true,,245,4,4,http://172.31.8.205:27474/db/data/transaction/commit,,15,ISO-8859-1,1,0,99214e63c6ae,0

1438775985489,15,Verlinke wsi mit plain text,200,OK,Thread Group: getWorkspaceItems 7-2,text,true,,245,4,4,http://172.31.8.205:27474/db/data/transaction/commit,,15,ISO-8859-1,1,0,985aa859d74d,0

1438775985493,9,Verlinke wsi mit plain text,200,OK,Thread Group: getWorkspaceItems 7-4,text,true,,245,4,4,http://172.31.8.205:27474/db/data/transaction/commit,,9,ISO-8859-1,1,0,99214e63c6ae,0

1438775985505,9,Verlinke wsi mit plain text,200,OK,Thread Group: getWorkspaceItems 7-3,text,true,,245,4,4,http://172.31.8.205:27474/db/data/transaction/commit,,9,ISO-8859-1,1,0,985aa859d74d,0

1438775985509,7,Verlinke wsi mit plain text,200,OK,Thread Group: getWorkspaceItems 7-1,text,true,,245,4,4,http://172.31.8.205:27474/db/data/transaction/commit,,7,ISO-8859-1,1,0,985aa859d74d,0

1438775985510,18,Verlinke wsi mit plain text,200,OK,Thread Group: getWorkspaceItems 7-2,text,true,,245,4,4,http://172.31.8.205:27474/db/data/transaction/commit,,18,ISO-8859-1,1,0,99214e63c6ae,0

1438775985513,7,Verlinke wsi mit plain text,200,OK,Thread Group: getWorkspaceItems 7-4,text,true,,245,4,4,http://172.31.8.205:27474/db/data/transaction/commit,,7,ISO-8859-1,1,0,985aa859d74d,0

1438775985534,10,Verlinke wsi mit plain text,200,OK,Thread Group: getWorkspaceItems 7-2,text,true,,245,4,4,http://172.31.8.205:27474/db/data/transaction/commit,,10,ISO-8859-1,1,0,985aa859d74d,0

1438775985538,11,Verlinke wsi mit plain text,200,OK,Thread Group: getWorkspaceItems 7-1,text,true,,245,4,4,http://172.31.8.205:27474/db/data/transaction/commit,,11,ISO-8859-1,1,0,99214e63c6ae,0

1438775985555,17,Verlinke wsi mit plain text,200,OK,Thread Group: getWorkspaceItems 7-1,text,true,,245,4,4,http://172.31.8.205:27474/db/data/transaction/commit,,17,ISO-8859-1,1,0,985aa859d74d,0

1438775985575,15,Verlinke wsi mit plain text,200,OK,Thread Group: getWorkspaceItems 7-2,text,true,,245,3,3,http://172.31.8.205:27474/db/data/transaction/commit,,15,ISO-8859-1,1,0,99214e63c6ae,0

1438775985603,9,Verlinke wsi mit plain text,200,OK,Thread Group: getWorkspaceItems 7-4,text,true,,245,3,3,http://172.31.8.205:27474/db/data/transaction/commit,,9,ISO-8859-1,1,0,12ae572e559d,0

1438775985634,10,Verlinke wsi mit plain text,200,OK,Thread Group: getWorkspaceItems 7-2,text,true,,245,3,3,http://172.31.8.205:27474/db/data/transaction/commit,,10,ISO-8859-1,1,0,985aa859d74d,0

1438775985641,12,Verlinke wsi mit plain text,200,OK,Thread Group: getWorkspaceItems 7-3,text,true,,245,3,3,http://172.31.8.205:27474/db/data/transaction/commit,,12,ISO-8859-1,1,0,12ae572e559d,0

1438775985650,12,Verlinke wsi mit plain text,200,OK,Thread Group: getWorkspaceItems 7-2,text,true,,245,3,3,http://172.31.8.205:27474/db/data/transaction/commit,,12,ISO-8859-1,1,0,12ae572e559d,0

1438775985661,10,Verlinke wsi mit plain text,200,OK,Thread Group: getWorkspaceItems 7-4,text,true,,245,3,3,http://172.31.8.205:27474/db/data/transaction/commit,,10,ISO-8859-1,1,0,12ae572e559d,0

1438775985681,11,Verlinke wsi mit plain text,200,OK,Thread Group: getWorkspaceItems 7-4,text,true,,245,3,3,http://172.31.8.205:27474/db/data/transaction/commit,,11,ISO-8859-1,1,0,985aa859d74d,0

1438775985684,17,Verlinke wsi mit plain text,200,OK,Thread Group: getWorkspaceItems 7-3,text,true,,245,3,3,http://172.31.8.205:27474/db/data/transaction/commit,,17,ISO-8859-1,1,0,12ae572e559d,0

1438775985692,10,Verlinke wsi mit plain text,200,OK,Thread Group: getWorkspaceItems 7-2,text,true,,245,3,3,http://172.31.8.205:27474/db/data/transaction/commit,,10,ISO-8859-1,1,0,985aa859d74d,0

1438775985696,9,Verlinke wsi mit plain text,200,OK,Thread Group: getWorkspaceItems 7-3,text,true,,245,3,3,http://172.31.8.205:27474/db/data/transaction/commit,,9,ISO-8859-1,1,0,985aa859d74d,0

1438775985730,10,Verlinke wsi mit plain text,200,OK,Thread Group: getWorkspaceItems 7-4,text,true,,245,3,3,http://172.31.8.205:27474/db/data/transaction/commit,,10,ISO-8859-1,1,0,985aa859d74d,0

1438775985739,14,Verlinke wsi mit plain text,200,OK,Thread Group: getWorkspaceItems 7-2,text,true,,245,3,3,http://172.31.8.205:27474/db/data/transaction/commit,,14,ISO-8859-1,1,0,99214e63c6ae,0

1438775985742,13,Verlinke wsi mit plain text,200,OK,Thread Group: getWorkspaceItems 7-3,text,true,,245,3,3,http://172.31.8.205:27474/db/data/transaction/commit,,13,ISO-8859-1,1,0,12ae572e559d,0

1438775985742,15,Verlinke wsi mit plain text,200,OK,Thread Group: getWorkspaceItems 7-3,text,true,,245,3,3,http://172.31.8.205:27474/db/data/transaction/commit,,15,ISO-8859-1,1,0,99214e63c6ae,0

1438775985744,10,Verlinke wsi mit plain text,200,OK,Thread Group: getWorkspaceItems 7-3,text,true,,245,3,3,http://172.31.8.205:27474/db/data/transaction/commit,,10,ISO-8859-1,1,0,985aa859d74d,0

1438775985752,6,Verlinke wsi mit plain text,200,OK,Thread Group: getWorkspaceItems 7-2,text,true,,245,3,3,http://172.31.8.205:27474/db/data/transaction/commit,,6,ISO-8859-1,1,0,985aa859d74d,0

1438775985773,7,Verlinke wsi mit plain text,200,OK,Thread Group: getWorkspaceItems 7-4,text,true,,245,2,2,http://172.31.8.205:27474/db/data/transaction/commit,,7,ISO-8859-1,1,0,985aa859d74d,0

1438775985776,8,Verlinke wsi mit plain text,200,OK,Thread Group: getWorkspaceItems 7-4,text,true,,245,3,3,http://172.31.8.205:27474/db/data/transaction/commit,,8,ISO-8859-1,1,0,99214e63c6ae,0

1438775985784,6,Verlinke wsi mit plain text,200,OK,Thread Group: getWorkspaceItems 7-3,text,true,,245,2,2,http://172.31.8.205:27474/db/data/transaction/commit,,6,ISO-8859-1,1,0,985aa859d74d,0

1438775985796,9,Verlinke wsi mit plain text,200,OK,Thread Group: getWorkspaceItems 7-3,text,true,,245,3,3,http://172.31.8.205:27474/db/data/transaction/commit,,9,ISO-8859-1,1,0,99214e63c6ae,0

1438775985801,10,Verlinke wsi mit plain text,200,OK,Thread Group: getWorkspaceItems 7-2,text,true,,245,3,3,http://172.31.8.205:27474/db/data/transaction/commit,,10,ISO-8859-1,1,0,12ae572e559d,0

1438775985809,9,Verlinke wsi mit plain text,200,OK,Thread Group: getWorkspaceItems 7-4,text,true,,245,3,3,http://172.31.8.205:27474/db/data/transaction/commit,,9,ISO-8859-1,1,0,12ae572e559d,0

1438775985821,12,Verlinke wsi mit plain text,200,OK,Thread Group: getWorkspaceItems 7-4,text,true,,245,3,3,http://172.31.8.205:27474/db/data/transaction/commit,,12,ISO-8859-1,1,0,99214e63c6ae,0

1438775985837,13,Verlinke wsi mit plain text,200,OK,Thread Group: getWorkspaceItems 7-3,text,true,,245,3,3,http://172.31.8.205:27474/db/data/transaction/commit,,13,ISO-8859-1,1,0,99214e63c6ae,0

1438775985842,19,Verlinke wsi mit plain text,200,OK,Thread Group: getWorkspaceItems 7-2,text,true,,245,3,3,http://172.31.8.205:27474/db/data/transaction/commit,,19,ISO-8859-1,1,0,99214e63c6ae,0

1438775985853,11,Verlinke wsi mit plain text,200,OK,Thread Group: getWorkspaceItems 7-2,text,true,,245,3,3,http://172.31.8.205:27474/db/data/transaction/commit,,10,ISO-8859-1,1,0,12ae572e559d,0

1438775985855,12,Verlinke wsi mit plain text,200,OK,Thread Group: getWorkspaceItems 7-4,text,true,,245,3,3,http://172.31.8.205:27474/db/data/transaction/commit,,12,ISO-8859-1,1,0,12ae572e559d,0

1438775985864,6,Verlinke wsi mit plain text,200,OK,Thread Group: getWorkspaceItems 7-3,text,true,,245,3,3,http://172.31.8.205:27474/db/data/transaction/commit,,6,ISO-8859-1,1,0,12ae572e559d,0

1438775985866,6,Verlinke wsi mit plain text,200,OK,Thread Group: getWorkspaceItems 7-4,text,true,,245,1,1,http://172.31.8.205:27474/db/data/transaction/commit,,6,ISO-8859-1,1,0,985aa859d74d,0

1438775985895,8,Verlinke wsi mit plain text,200,OK,Thread Group: getWorkspaceItems 7-4,text,true,,245,1,1,http://172.31.8.205:27474/db/data/transaction/commit,,7,ISO-8859-1,1,0,985aa859d74d,0

1438775985895,9,Verlinke wsi mit plain text,200,OK,Thread Group: getWorkspaceItems 7-4,text,true,,245,3,3,http://172.31.8.205:27474/db/data/transaction/commit,,9,ISO-8859-1,1,0,99214e63c6ae,0

1438775985905,14,Verlinke wsi mit plain text,200,OK,Thread Group: getWorkspaceItems 7-2,text,true,,245,3,3,http://172.31.8.205:27474/db/data/transaction/commit,,14,ISO-8859-1,1,0,12ae572e559d,0

1438775985907,7,Verlinke wsi mit plain text,200,OK,Thread Group: getWorkspaceItems 7-2,text,true,,245,3,3,http://172.31.8.205:27474/db/data/transaction/commit,,7,ISO-8859-1,1,0,99214e63c6ae,0

1438775985911,12,Verlinke wsi mit plain text,200,OK,Thread Group: getWorkspaceItems 7-3,text,true,,245,3,3,http://172.31.8.205:27474/db/data/transaction/commit,,12,ISO-8859-1,1,0,12ae572e559d,0

1438775985918,9,Verlinke wsi mit plain text,200,OK,Thread Group: getWorkspaceItems 7-4,text,true,,245,2,2,http://172.31.8.205:27474/db/data/transaction/commit,,9,ISO-8859-1,1,0,12ae572e559d,0

1438775985947,10,Verlinke wsi mit plain text,200,OK,Thread Group: getWorkspaceItems 7-3,text,true,,245,2,2,http://172.31.8.205:27474/db/data/transaction/commit,,10,ISO-8859-1,1,0,12ae572e559d,0

1438775985954,10,Verlinke wsi mit plain text,200,OK,Thread Group: getWorkspaceItems 7-2,text,true,,245,3,3,http://172.31.8.205:27474/db/data/transaction/commit,,10,ISO-8859-1,1,0,99214e63c6ae,0

1438775985966,8,Verlinke wsi mit plain text,200,OK,Thread Group: getWorkspaceItems 7-3,text,true,,245,3,3,http://172.31.8.205:27474/db/data/transaction/commit,,8,ISO-8859-1,1,0,99214e63c6ae,0

1438775986006,7,Verlinke wsi mit plain text,200,OK,Thread Group: getWorkspaceItems 7-4,text,true,,245,1,1,http://172.31.8.205:27474/db/data/transaction/commit,,7,ISO-8859-1,1,0,12ae572e559d,0

1438775986013,10,Verlinke wsi mit plain text,200,OK,Thread Group: getWorkspaceItems 7-3,text,true,,245,2,2,http://172.31.8.205:27474/db/data/transaction/commit,,10,ISO-8859-1,1,0,99214e63c6ae,0

1438775986031,7,Verlinke wsi mit plain text,200,OK,Thread Group: getWorkspaceItems 7-4,text,true,,245,2,2,http://172.31.8.205:27474/db/data/transaction/commit,,7,ISO-8859-1,1,0,99214e63c6ae,0

1438775986041,6,Verlinke wsi mit plain text,200,OK,Thread Group: getWorkspaceItems 7-4,text,true,,245,1,1,http://172.31.8.205:27474/db/data/transaction/commit,,6,ISO-8859-1,1,0,12ae572e559d,0

1438775986053,7,Verlinke wsi mit plain text,200,OK,Thread Group: getWorkspaceItems 7-4,text,true,,245,1,1,http://172.31.8.205:27474/db/data/transaction/commit,,7,ISO-8859-1,1,0,985aa859d74d,0

1438775986057,7,Verlinke wsi mit plain text,200,OK,Thread Group: getWorkspaceItems 7-3,text,true,,245,2,2,http://172.31.8.205:27474/db/data/transaction/commit,,7,ISO-8859-1,1,0,99214e63c6ae,0

1438775986070,9,Verlinke wsi mit plain text,200,OK,Thread Group: getWorkspaceItems 7-4,text,true,,245,1,1,http://172.31.8.205:27474/db/data/transaction/commit,,9,ISO-8859-1,1,0,99214e63c6ae,0

1438775986107,7,Verlinke wsi mit plain text,200,OK,Thread Group: getWorkspaceItems 7-4,text,true,,245,1,1,http://172.31.8.205:27474/db/data/transaction/commit,,7,ISO-8859-1,1,0,99214e63c6ae,0

1438775986178,8,Verlinke wsi mit plain text,200,OK,Thread Group: getWorkspaceItems 7-4,text,true,,245,1,1,http://172.31.8.205:27474/db/data/transaction/commit,,8,ISO-8859-1,1,0,12ae572e559d,0

1438775986188,9,Verlinke wsi mit plain text,200,OK,Thread Group: getWorkspaceItems 7-4,text,true,,245,1,1,http://172.31.8.205:27474/db/data/transaction/commit,,9,ISO-8859-1,1,0,99214e63c6ae,0

1438775986216,7,Verlinke wsi mit plain text,200,OK,Thread Group: getWorkspaceItems 7-4,text,true,,245,1,1,http://172.31.8.205:27474/db/data/transaction/commit,,7,ISO-8859-1,1,0,99214e63c6ae,0

1438775986349,6,Verlinke wsi mit plain text,200,OK,Thread Group: getWorkspaceItems 7-4,text,true,,245,1,1,http://172.31.8.205:27474/db/data/transaction/commit,,6,ISO-8859-1,1,0,99214e63c6ae,0

